id,unit_id,mode,reaction_type,condition_param_1,condition_param_2,condition_param_3,face_id,face_change_time,change_face_id,face_change_effect_id,cue_name,message
11120101,1,1,1201,0,0,0,8,0.0,8,0,"vo_minigame_1012_correct_107","这样就好了！"
11120102,1,1,1201,0,0,0,8,0.0,8,0,"vo_minigame_1012_correct_108","嗯，可以！"
11120103,1,1,1201,0,0,0,1,0.0,1,0,"vo_minigame_1012_correct_109","状态绝佳！"
11120201,1,1,1202,-1,13333,0,1,0.0,1,0,"vo_minigame_1012_correct_115","慢慢来就好了！"
11120202,1,1,1202,-1,13333,0,9,0.0,9,0,"vo_minigame_1012_correct_117","答对就好了！"
11120301,1,1,1203,0,0,0,1,0.0,1,0,"vo_minigame_1012_correct_118","好厉害呢！"
11120302,1,1,1203,0,0,0,5,0.01,5,8,"vo_minigame_1012_correct_119","你知道这个！？"
11120401,1,1,1204,0,0,0,1,0.0,1,0,"vo_minigame_1012_correct_125","这样就没问题了！"
11120501,1,1,1205,0,0,0,7,0.01,7,4,"vo_minigame_1012_correct_123","复习得很充分呢！"
11120601,1,1,1206,-1,3,0,8,0.0,8,0,"vo_minigame_1012_correct_128","连续答对！"
11120701,1,1,1207,-1,3,0,2,0.0,2,0,"vo_minigame_1012_correct_131","卷土重来吧！"
11130101,1,1,1301,0,0,0,2,0.0,2,0,"vo_minigame_1012_incorrect_107","换一题！"
11130102,1,1,1301,0,0,0,9,0.0,9,0,"vo_minigame_1012_incorrect_108","这种事也是常有的！"
11130103,1,1,1301,0,0,0,4,0.0,4,0,"vo_minigame_1012_incorrect_109","这样可不行！"
11130201,1,1,1302,-1,20000,0,4,0.0,4,0,"vo_minigame_1012_incorrect_116","时间到！"
11130202,1,1,1302,-1,20000,0,5,0.0,5,0,"vo_minigame_1012_incorrect_117","快回答啦！"
11130301,1,1,1303,0,0,0,3,0.01,3,6,"vo_minigame_1012_incorrect_118","好难啊……"
11130302,1,1,1303,0,0,0,4,0.0,4,0,"vo_minigame_1012_incorrect_119","难度太高了……"
11130401,1,1,1304,0,0,0,2,0.0,2,0,"vo_minigame_1012_incorrect_123","不可以忘记哦？"
11130501,1,1,1305,0,0,0,1,0.0,1,0,"vo_minigame_1012_incorrect_126","没有全错哦！"
11300101,1,1,3001,10,10,1,7,3.18,8,4,"vo_minigame_1012_result_1000","呵呵，全部答对！\n看来你有好好学习，\n真佩服你♪"
11300102,1,1,3001,10,10,1,8,3.33,7,10,"vo_minigame_1012_result_1001","挺厉害的嘛……全部答对了！\n不过，这也是当然的嘛～\n毕竟是我\n教你的♪"
11300103,1,1,3001,10,10,1,8,5.41,1,10,"vo_minigame_1012_result_1002","全答对了！　啪啪啪♪\n这个难度已经可以完美回答了吧？\n下次挑战更难的问题吧！\n你可以的！"
11300104,1,1,3001,10,10,2,5,8.11,8,10,"vo_minigame_1012_result_1003","诶…明明选择了很难的问题，\n居然全答对了！\n你也太厉害了吧……\n完美啊完美！"
11300105,1,1,3001,10,10,2,10,1.31,5,0,"vo_minigame_1012_result_1004","对……对……全对！\n这么难的问题全答对了……\n吓到我了……你什么时候\n学习这么好了！"
11300106,1,1,3001,10,10,2,9,4.93,8,0,"vo_minigame_1012_result_1005","这么完美地回答了，\n让我有点不甘心呢……\n不过我要老老实实夸奖你！\n了不起，了不起，了～不起！"
11300107,1,1,3001,10,10,3,5,2.99,8,4,"vo_minigame_1012_result_1006","好厉害……你太完美了！\n搞不好下次考试，\n年级第一也不是梦！\n我很期待哦♪"
11300108,1,1,3001,10,10,3,8,8.37,7,4,"vo_minigame_1012_result_1007","是满分哦！　呵呵，已经没什么\n可以教你的了！\n反而是我想\n跟你学习！　好吗，老师♪"
11300109,1,1,3001,10,10,3,7,5.32,5,8,"vo_minigame_1012_result_1008","全·部·答·对！\n这么多超级难的问题，你真厉害！\n难道说，\n你真是天才！？"
11300110,1,1,3001,9,7,1,7,4.77,1,4,"vo_minigame_1012_result_1009","哦，好高的分数！\n也没白费我教你♪\n好，还要继续学习呢！"
11300111,1,1,3001,9,7,1,8,2.97,7,4,"vo_minigame_1012_result_1010","嗯，取得了相当不错的分数！\n按这个势头下去，\n希望下次给我看到你拿满分！"
11300112,1,1,3001,9,7,1,5,3.47,1,0,"vo_minigame_1012_result_1011","啊～好可惜！\n差一点就满分了！\n下一次一定要完美回答！\n加油吧！"
11300113,1,1,3001,9,7,2,8,5.32,7,4,"vo_minigame_1012_result_1012","太棒了，答得特别好！\n面对这么难的问题还能回答这么好！\n下次要以满分为目标！"
11300114,1,1,3001,9,7,2,8,6.49,7,10,"vo_minigame_1012_result_1013","嗯，感觉相当不错！\n你好像完全没有必要\n担心挂科呢♪\n不过我是不会让你放弃学习的！"
11300115,1,1,3001,9,7,2,5,3.56,1,0,"vo_minigame_1012_result_1014","啊，明明差一点点就能\n全部答对的！\n虽然问题很难，但是你的话，\n下次可以尝试拿满分！"
11300116,1,1,3001,9,7,3,8,5.67,1,10,"vo_minigame_1012_result_1015","嗯，几乎全对！\n问题这么难，\n好厉害啊！\n你果然不是一般人！"
11300117,1,1,3001,9,7,3,7,2.85,1,10,"vo_minigame_1012_result_1016","感觉你在稳步成长欸？\n如果你来答这种难题，\n搞不好哪天也能拿满分！"
11300118,1,1,3001,9,7,3,5,3.88,1,0,"vo_minigame_1012_result_1017","呜哇，好可惜！\n差一点就满分了哦？\n算了，毕竟这种难题连我都很苦恼，\n这个分数你可以骄傲一下！"
11300119,1,1,3001,6,4,1,3,4.12,1,0,"vo_minigame_1012_result_1018","正确率大约一半～\n虽然还不错，但是你\n不是只有这点程度吧？"
11300120,1,1,3001,6,4,1,9,4.34,1,0,"vo_minigame_1012_result_1019","嗯，老实说这是个\n半吊子的分数……\n算了！从现在开始\n要不断提高分数哦！"
11300121,1,1,3001,6,4,1,3,3.15,1,0,"vo_minigame_1012_result_1020","唔～嗯，说实话这个分数很不尽如人意！\n我对你这么期待，\n要再加把劲啊！"
11300122,1,1,3001,6,4,2,9,5.3,1,0,"vo_minigame_1012_result_1021","正确率只有一半啊，\n问题太难也是没办法的……\n但是你可以做得更好！\n毕竟有我跟着你呢！"
11300123,1,1,3001,6,4,2,8,2.55,1,0,"vo_minigame_1012_result_1022","嗯，还可以吧！\n努力学习，\n更上一层楼吧！"
11300124,1,1,3001,6,4,2,1,4.19,7,0,"vo_minigame_1012_result_1023","虽然是难题，但是这个正确率\n还不错哦！\n但是不要因为这点小事\n就骄傲自满哦！？"
11300125,1,1,3001,6,4,3,7,3.43,1,0,"vo_minigame_1012_result_1024","这么难的题目，能答对一半\n很厉害嘛♪\n照这样继续提高\n学习能力吧！"
11300126,1,1,3001,6,4,3,1,0.0,1,0,"vo_minigame_1012_result_1025","好，得到平均分了！\n你有在好好学习\n我就放心了♪"
11300127,1,1,3001,6,4,3,8,3.72,7,0,"vo_minigame_1012_result_1026","全是难题还能有这个正确率\n可真了不起！\n不过，如果你想取得更高的分数，\n我会陪你学习的！"
11300128,1,1,3001,3,1,1,3,3.5,2,1,"vo_minigame_1012_result_1027","原来如此……\n没白费我教你。\n我会好好磨炼你的，\n做好觉悟吧！"
11300129,1,1,3001,3,1,1,4,3.25,2,1,"vo_minigame_1012_result_1028","喂，你完全\n没答对多少嘛！\n不要告诉我\n你这是认真作答的？"
11300130,1,1,3001,3,1,1,3,4.62,2,0,"vo_minigame_1012_result_1029","唔嗯……随便回答\n也能答对这么多真厉害！\n看来我得认真点\n教你了！"
11300131,1,1,3001,3,1,2,9,4.5,1,0,"vo_minigame_1012_result_1030","算、算了，这个问题\n对你来说可能太难了。\n一点一点来吧，\n慢慢提高！"
11300132,1,1,3001,3,1,2,3,0.01,3,9,"vo_minigame_1012_result_1031","嗯，错误很多呢……\n虽然这样继续下去也不错，\n但从简单的问题\n重新开始也可以哦？"
11300133,1,1,3001,3,1,2,9,0.01,9,9,"vo_minigame_1012_result_1032","哎呀呀，对你来说\n是不是太难了？\n重新来一次吧！"
11300134,1,1,3001,3,1,3,3,0.01,3,6,"vo_minigame_1012_result_1033","唔嗯，好遗憾的成绩……\n因为是超难的问题也没办法，\n不要勉强，从简单的问题\n开始挑战也可以哦？"
11300135,1,1,3001,3,1,3,3,2.97,9,0,"vo_minigame_1012_result_1034","正确率相当低呢……\n毕竟问题很难嘛！\n你的挑战精神值得嘉奖！"
11300136,1,1,3001,3,1,3,3,3.1,1,0,"vo_minigame_1012_result_1035","好歹没有得0分……\n虽然全是难题，\n还是要更加努力哦！"
11300137,1,1,3001,0,0,1,6,4.31,2,1,"vo_minigame_1012_result_1036","对你来说，反而很难\n得0分吧！？\n该不会是故意\n这样的吧！？"
11300138,1,1,3001,0,0,1,2,0.1,2,1,"vo_minigame_1012_result_1037","0分……\n你在开玩笑吗！？\n不好好学习的话，\n就让你尝尝电击魔法哦！？"
11300139,1,1,3001,0,0,1,9,4.23,3,9,"vo_minigame_1012_result_1038","说不定你\n不适合学习呢…\n学习也不是全部。\n在其他地方加油吧！"
11300140,1,1,3001,0,0,2,3,4.38,2,0,"vo_minigame_1012_result_1039","我不会生气的，老实说吧？\n你是乱回答的吧？\n喂，\n老·实·交·代！"
11300141,1,1,3001,0,0,2,8,3.58,2,0,"vo_minigame_1012_result_1040","你的分数是……\n是的！　0分！\n呃，别开玩笑了——"
11300142,1,1,3001,0,0,2,4,2.02,2,1,"vo_minigame_1012_result_1041","为什么会得0分！？\n不，反过来说你真厉害欸！？\n闭着眼睛回答\n也能得个1分吧！"
11300143,1,1,3001,0,0,3,9,5.53,1,9,"vo_minigame_1012_result_1042","哎呀……很遗憾是0分。\n可能有点太难了……\n算了，偶尔也有这种事！\n不必灰心丧气！"
11300144,1,1,3001,0,0,3,3,4.4,1,9,"vo_minigame_1012_result_1043","虽然问题很难，\n可是得0分还是让人有点寂寞呢……\n不过，反过来想想！\n你还有很大成长空间！"
11300145,1,1,3001,0,0,3,3,5.35,1,0,"vo_minigame_1012_result_1044","0分啊……嗯，抱歉……\n我想不到什安慰的话！\n还有下一次机会，\n转换一下心情吧！"
12120101,1,2,1201,0,0,0,8,0.0,8,0,"vo_minigame_1012_correct_132","OK！"
12120102,1,2,1201,0,0,0,7,0.0,7,0,"vo_minigame_1012_correct_133","对上了！"
12120103,1,2,1201,0,0,0,7,0.0,7,0,"vo_minigame_1012_correct_134","很好！"
12120201,1,2,1202,3000,0,0,5,0.0,5,0,"vo_minigame_1012_correct_135","真的假的！？"
12120202,1,2,1202,3000,0,0,10,0.0,10,0,"vo_minigame_1012_correct_136","欸～"
12120203,1,2,1202,6000,3001,0,7,0.0,7,0,"vo_minigame_1012_correct_137","就是这个势头！"
12120204,1,2,1202,-1,13333,0,1,0.0,1,0,"vo_minigame_1012_correct_138","再抓紧一点哦！"
12120301,1,2,1203,0,0,0,5,0.0,5,0,"vo_minigame_1012_correct_139","太厉害了吧！"
12120401,1,2,1204,0,0,0,7,0.0,7,0,"vo_minigame_1012_correct_141","轻松取胜！"
12120501,1,2,1205,0,0,0,7,0.0,7,0,"vo_minigame_1012_correct_140","扳回一城！"
12120601,1,2,1206,-1,3,0,1,0.0,1,0,"vo_minigame_1012_correct_142","不错哦！"
12120701,1,2,1207,-1,3,0,2,0.0,2,0,"vo_minigame_1012_correct_143","还不够呢！"
12130101,1,2,1301,0,0,0,2,0.0,2,0,"vo_minigame_1012_incorrect_127","不对！"
12130102,1,2,1301,0,0,0,2,0.0,2,0,"vo_minigame_1012_incorrect_128","不行！"
12130103,1,2,1301,0,0,0,9,0.0,9,0,"vo_minigame_1012_incorrect_129","哎呀呀……"
12130201,1,2,1302,3000,0,0,3,0.0,3,0,"vo_minigame_1012_incorrect_130","不要着急！"
12130202,1,2,1302,3000,0,0,5,0.0,5,0,"vo_minigame_1012_incorrect_131","慢慢来！"
12130203,1,2,1302,6000,3001,0,2,0.0,2,0,"vo_minigame_1012_incorrect_132","深呼吸！"
12130204,1,2,1302,-1,20000,0,3,0.0,3,0,"vo_minigame_1012_incorrect_133","好慢啊……"
12130301,1,2,1303,0,0,0,5,0.0,5,0,"vo_minigame_1012_incorrect_134","好难！"
12130401,1,2,1304,0,0,0,6,0.0,6,0,"vo_minigame_1012_incorrect_135","忘记了吗？"
12130501,1,2,1305,0,0,0,2,0.0,2,0,"vo_minigame_1012_incorrect_136","下一题来了！"
12170101,1,2,1701,30000,20000,0,2,0.01,2,3,"vo_minigame_1012_time_100","最后冲刺！"
12170102,1,2,1701,30000,20000,0,1,0.01,1,3,"vo_minigame_1012_time_101","就快结束了！"
12300101,1,2,3001,-1,20,1,7,3.74,1,10,"vo_minigame_1012_result_1045","答得很好！\n基础问题已经很完美了！\n下一次挑战一下\n更难的问题吧！"
12300102,1,2,3001,-1,20,1,1,3.85,9,0,"vo_minigame_1012_result_1046","你怎么回事，奋笔疾书\n停不下来了吗？\n这么轻松真厉害。\n给你一朵小红花！"
12300103,1,2,3001,-1,20,1,5,0.01,5,8,"vo_minigame_1012_result_1047","好高的分数！\n难道你是那种\n嘴上说着没学习，\n其实很用功的家伙！？"
12300104,1,2,3001,-1,20,2,8,2.86,7,4,"vo_minigame_1012_result_1048","学习的成果\n很优秀嘛！\n作为你的老师，\n我也很骄傲哦♪"
12300105,1,2,3001,-1,20,2,5,2.02,3,9,"vo_minigame_1012_result_1049","好！　已经足够了！\n要是再取得更好的成绩，\n就已经没必要教你了！"
12300106,1,2,3001,-1,20,2,5,4.46,1,0,"vo_minigame_1012_result_1050","明明选择了难题，\n却答对了这么多！\n不过还有更难的呢……\n下一次挑战最难关吧！"
12300107,1,2,3001,-1,20,3,5,6.85,4,7,"vo_minigame_1012_result_1051","虽然我觉得你很厉害，\n但是你学习也很完美哦？\n难怪大家都迷上你了……\n不是，没、没什么！"
12300108,1,2,3001,-1,20,3,5,3.79,9,0,"vo_minigame_1012_result_1052","这个问题明明难到\n我都很苦恼……\n呵呵，只能表扬你了！\n做得非常好！"
12300109,1,2,3001,-1,20,3,4,0.01,4,7,"vo_minigame_1012_result_1053","我才没有脸红呢！\n也没有喜欢聪明的人…\n也没觉得帅……\n完全没这么想哦！"
12300110,1,2,3001,-1,20,1,5,0.0,5,0,"vo_minigame_1012_result_1054","速度和准确度都很完美……\n无可挑剔的满分！\n你将来会成为\n非常了不起的人吧！？"
12300112,1,2,3001,-1,20,2,5,0.0,5,0,"vo_minigame_1012_result_1054","速度和准确度都很完美……\n无可挑剔的满分！\n你将来会成为\n非常了不起的人吧！？"
12300114,1,2,3001,-1,20,3,5,0.0,5,0,"vo_minigame_1012_result_1054","速度和准确度都很完美……\n无可挑剔的满分！\n你将来会成为\n非常了不起的人吧！？"
12300116,1,2,3001,19,15,1,5,3.0,7,10,"vo_minigame_1012_result_1056","哦哦～答对了好多呢！\n趁这个势头\n获得更多分数吧！"
12300117,1,2,3001,19,15,1,8,0.01,8,10,"vo_minigame_1012_result_1057","嗯，感觉很不错！\n好像有在好好学习呢，\n佩服佩服♪"
12300118,1,2,3001,19,15,1,5,4.01,8,0,"vo_minigame_1012_result_1058","咦，明明得了这么高的分数，\n还是不满足吗？\n这个上进心是怎么回事……\n太强了吧！"
12300119,1,2,3001,19,15,2,8,2.83,7,10,"vo_minigame_1012_result_1059","速度和正确率都很好！\n喂喂，一口气\n向最高处进发吧？"
12300120,1,2,3001,19,15,2,10,0.0,10,0,"vo_minigame_1012_result_1060","这个难度\n也能对答如流……\n你这家伙\n可真厉害啊！"
12300121,1,2,3001,19,15,2,8,3.66,7,4,"vo_minigame_1012_result_1061","能答对这么多，\n学习也会很开心的♪\n好，还要继续哦！"
12300122,1,2,3001,19,15,3,5,3.28,8,0,"vo_minigame_1012_result_1062","你这个成绩\n不是侥幸吧！\n能答对这么多\n真了不起！"
12300123,1,2,3001,19,15,3,8,2.7,1,0,"vo_minigame_1012_result_1063","好厉害！　这成绩很不错了！\n这个难题遇到你\n也是不堪一击吧？"
12300124,1,2,3001,19,15,3,5,3.98,9,9,"vo_minigame_1012_result_1064","你……搞不好\n比我分数还高。\n我、我也要效仿你\n好好学习才行！"
12300131,1,2,3001,14,10,1,7,2.51,1,0,"vo_minigame_1012_result_1067","嗯，好高的分数！\n但是还要继续努力哦？\n好，我们去下一题！"
12300132,1,2,3001,14,10,1,1,4.16,7,0,"vo_minigame_1012_result_1068","虽然成绩已经很优秀了，\n但是你应该做得更好！\n来，加油学习了！"
12300133,1,2,3001,14,10,1,8,2.07,7,0,"vo_minigame_1012_result_1069","嗯，还不错！\n就这样一点一点\n提高正确率吧！"
12300134,1,2,3001,14,10,2,8,3.51,1,0,"vo_minigame_1012_result_1070","明明全是难题，\n结果还是挺好的嘛！\n你答得很好，\n可以自信一点！"
12300135,1,2,3001,14,10,2,1,0.0,1,0,"vo_minigame_1012_result_1071","就算面对难题，基础也很重要！\n趁着这个势头\n一点一点提高分数吧！"
12300136,1,2,3001,14,10,2,1,4.3,7,0,"vo_minigame_1012_result_1072","答对了不止10题呢！\n咦，你还不满意？\n呵呵，那朝着更高的目标\n前进吧？"
12300137,1,2,3001,14,10,3,8,4.47,7,0,"vo_minigame_1012_result_1073","嗯，这种难题能得这么多分\n已经非常厉害了！\n不过，你肯定会想要\n得到更高的分数吧♪"
12300138,1,2,3001,14,10,3,8,3.68,9,0,"vo_minigame_1012_result_1074","好了，辛苦啦～\n好高的分数……\n我也得学习才行！"
12300139,1,2,3001,14,10,3,5,3.34,1,0,"vo_minigame_1012_result_1075","哦哦～答对了\n不止10题！啊\n你果然\n不是一般人～"
12300141,1,2,3001,14,10,1,1,6.58,8,0,"vo_minigame_1012_result_1077","嗯，正确率无可挑剔！\n要是答题能再快点，\n分数还会更高！\n就这样加油吧！"
12300143,1,2,3001,14,10,2,1,6.58,8,0,"vo_minigame_1012_result_1077","嗯，正确率无可挑剔！\n要是答题能再快点，\n分数还会更高！\n就这样加油吧！"
12300145,1,2,3001,14,10,3,1,6.58,8,0,"vo_minigame_1012_result_1077","嗯，正确率无可挑剔！\n要是答题能再快点，\n分数还会更高！\n就这样加油吧！"
12300146,1,2,3001,9,5,1,1,4.24,7,0,"vo_minigame_1012_result_1078","哼～嗯，答得还行。\n虽然还不错……但是我对你\n有更高更高的期待哦～"
12300147,1,2,3001,9,5,1,7,4.74,1,0,"vo_minigame_1012_result_1079","嗯，已经很努力了……\n但其实你可以答对更多的吧？\n这对你来说是必经之路！\n要不要挑战更高的分数？"
12300148,1,2,3001,9,5,1,1,0.0,1,0,"vo_minigame_1012_result_1080","分数虽然马马虎虎，\n自己感觉怎么样？\n要是觉得不行，\n说明还有很大的进步空间！"
12300149,1,2,3001,9,5,2,8,2.21,1,0,"vo_minigame_1012_result_1081","嗯，答得不错！\n但是你应该能得到\n更高的分数！\n再多努努力吧！"
12300150,1,2,3001,9,5,2,3,2.46,1,0,"vo_minigame_1012_result_1082","嗯～说实话很难评价啊！\n毕竟是难题，\n只要好好学习，\n分数就能提高的！"
12300151,1,2,3001,9,5,2,3,2.94,1,0,"vo_minigame_1012_result_1083","嗯……\n还不到10分啊～\n下一次以超过10分为目标\n努力一下吧？"
12300152,1,2,3001,9,5,3,7,4.19,1,0,"vo_minigame_1012_result_1084","好了，辛苦啦～\n分数马马虎虎吧！\n毕竟是超难的问题，你已经很努力了。"
12300153,1,2,3001,9,5,3,1,0.0,1,0,"vo_minigame_1012_result_1085","嗯，明明是这么难的问题，\n你还是做到最后了呢。\n下一次以更高的分数为目标吧？"
12300154,1,2,3001,9,5,3,3,2.63,1,0,"vo_minigame_1012_result_1086","错误有点多呢～\n但是只要好好复习做错的题，\n下一次就能正确回答了！"
12300155,1,2,3001,4,1,1,3,5.53,1,0,"vo_minigame_1012_result_1087","哎呀……分数不太行啊～\n怎么了，状态不好吗？\n下次更努力一点吧。"
12300156,1,2,3001,4,1,1,3,0.01,3,9,"vo_minigame_1012_result_1088","嗯……回答正确的题目\n太少了呢～\n要不要再增加一些\n学习时间？"
12300157,1,2,3001,4,1,1,3,4.15,1,3,"vo_minigame_1012_result_1089","嗯……你应该能得到\n更高一点的分数吧？\n多加把劲哦。\n我可是很期待你的表现呢！"
12300158,1,2,3001,4,1,2,9,0.01,9,9,"vo_minigame_1012_result_1090","嗯～对现在的你来说，\n这个问题可能太难了吧……\n可以选择简单一点的\n挑战哦？"
12300159,1,2,3001,4,1,2,3,5.37,1,0,"vo_minigame_1012_result_1091","成绩不太理想呢～\n问题太难了也没办法。\n希望你下次能更努力！"
12300160,1,2,3001,4,1,2,3,1.44,1,0,"vo_minigame_1012_result_1092","原来如此……\n不擅长的问题有点多是吗？\n再挑战一次\n试试吧～"
12300161,1,2,3001,4,1,3,3,0.0,3,0,"vo_minigame_1012_result_1093","嗯嗯～问题太难了吗？\n与其勉强自己一直做难题，\n不如降低难度，\n学习效率才会更高哦？"
12300162,1,2,3001,4,1,3,3,2.91,9,3,"vo_minigame_1012_result_1094","没有取得好成绩呢。\n这些问题对我来说都很难，\n你不用这么沮丧啦！\n下次再加油吧！"
12300163,1,2,3001,4,1,3,5,2.61,1,0,"vo_minigame_1012_result_1095","对不起，是不是有点太难了？\n再挑战一次也好，\n降低难度也行，\n只要你愿意我就陪着你！"
12300164,1,2,3001,0,0,1,4,3.63,2,1,"vo_minigame_1012_result_1096","我说你……\n毫无干劲吧！？\n下次再得这点分，\n我会生气的！"
12300165,1,2,3001,0,0,1,6,4.16,2,1,"vo_minigame_1012_result_1097","唉……你知道自己考了\n多少分吧？\n0分哦，0分！　你在小瞧我吗！？"
12300166,1,2,3001,0,0,1,3,0.01,3,6,"vo_minigame_1012_result_1098","呜呜～头好痛……\n都怪你啦！\n干嘛得0分啊！\n唉，这样下去要挂科了～"
12300167,1,2,3001,0,0,2,6,5.75,2,0,"vo_minigame_1012_result_1099","喂，你是认真答题的吗？\n该不会是随便乱答的吧。\n我知道了，\n再挑战一次！"
12300168,1,2,3001,0,0,2,4,5.64,2,1,"vo_minigame_1012_result_1100","你……你啊，0分哦0分！\n是我教得不好吗？\n燃起来了！\n我一定要提高你的学习能力！"
12300169,1,2,3001,0,0,2,8,5.73,4,8,"vo_minigame_1012_result_1101","等一下，可能是评分错误……\n不，评分没错。好的0分……\n呃，0分！？\n开什么玩笑——"
12300170,1,2,3001,0,0,3,5,5.32,3,1,"vo_minigame_1012_result_1102","哎呀呀……0分啊。\n毕竟问题很难嘛……\n就算这样也不该0分啊！\n至少答对一题嘛！"
12300171,1,2,3001,0,0,3,3,2.37,9,9,"vo_minigame_1012_result_1103","很遗憾0分。\n乐观一点想的话，\n现在已经是最低谷了！　谷底！\n之后就往上走吧！"
12300172,1,2,3001,0,0,3,9,4.25,1,3,"vo_minigame_1012_result_1104","相当糟糕啊。\n暂时休息一下吧？\n重新争做精神，转换思维，\n在努力一次吧！"
13100101,1,3,1001,0,0,0,7,0.0,7,0,"vo_minigame_1012_gamestart_100","来，开始学习吧。"
13100102,1,3,1001,0,0,0,1,0.0,1,0,"vo_minigame_1012_gamestart_101","好了，我来看看你学习的成果！"
13100103,1,3,1001,0,0,0,1,1.82,7,0,"vo_minigame_1012_gamestart_102","现在要考试了，来把课本合上吧！"
13100201,1,3,1002,-1,3,0,8,0.01,8,4,"vo_minigame_1012_gamestart_103","挺有干劲的嘛！"
13100202,1,3,1002,-1,3,0,1,0.0,1,0,"vo_minigame_1012_gamestart_104","好，再来一次！"
13100301,1,3,1003,1,1,0,0,0.0,0,0,"vo_minigame_1012_gamestart_105","这是普通难度！"
13100302,1,3,1003,1,1,0,7,0.0,7,0,"vo_minigame_1012_gamestart_106","先从基础开始！"
13100303,1,3,1003,2,2,0,10,0.0,10,0,"vo_minigame_1012_gamestart_107","要挑战困难问题是吧！"
13100304,1,3,1003,2,2,0,1,0.67,8,0,"vo_minigame_1012_gamestart_108","好，你一定可以答对的！"
13100305,1,3,1003,3,3,0,5,0.0,5,0,"vo_minigame_1012_gamestart_109","全是连我都感到棘手的难题呢！"
13100306,1,3,1003,3,3,0,2,0.0,2,0,"vo_minigame_1012_gamestart_110","虽然题目很难，还是要加油哦！"
13100401,1,3,1004,0,0,0,7,0.0,7,0,"vo_minigame_1012_gamestart_111","趁热打铁，\n是吧♪"
13100402,1,3,1004,0,0,0,1,0.0,1,0,"vo_minigame_1012_gamestart_112","好，再来一遍！"
13100501,1,3,1005,0,0,0,9,0.0,9,0,"vo_minigame_1012_gamestart_113","铃奈也想好好学习一下呢～"
13100502,1,3,1005,0,0,0,3,0.0,3,0,"vo_minigame_1012_gamestart_114","你是铃奈的\n老师？　哼嗯……"
13110101,1,3,1101,0,0,0,1,0.0,1,0,"vo_minigame_1012_start_100","问题！"
13110102,1,3,1101,0,0,0,1,0.0,1,0,"vo_minigame_1012_start_101","要来了哦！"
13110103,1,3,1101,0,0,0,7,0.0,7,0,"vo_minigame_1012_start_102","你能答对吗？"
13110201,1,3,1102,0,0,0,2,0.0,2,0,"vo_minigame_1012_start_103","下一题来了！"
13110202,1,3,1102,0,0,0,1,0.0,1,0,"vo_minigame_1012_start_104","不要放弃！"
13110203,1,3,1102,0,0,0,1,0.0,1,0,"vo_minigame_1012_start_105","扳回一城！"
13110301,1,3,1103,4,2,0,1,0.0,1,0,"vo_minigame_1012_start_106","好了，下一个！"
13110302,1,3,1103,4,2,0,1,0.0,1,0,"vo_minigame_1012_start_107","冷静一点！"
13110303,1,3,1103,4,2,0,7,0.0,7,0,"vo_minigame_1012_start_108","这题能答对吗？"
13110304,1,3,1103,7,5,0,2,0.0,2,0,"vo_minigame_1012_start_109","还不要松懈哦！"
13110305,1,3,1103,7,5,0,1,0.0,1,0,"vo_minigame_1012_start_110","好了，下一题来了！"
13110306,1,3,1103,7,5,0,8,0.0,8,0,"vo_minigame_1012_start_111","问题还在继续哦！"
13110307,1,3,1103,10,8,0,2,0.0,2,0,"vo_minigame_1012_start_112","集中精神到最后！"
13110308,1,1,1103,10,8,0,8,0.0,8,0,"vo_minigame_1012_start_113","最后冲刺！"
13110309,1,1,1103,10,8,0,1,0.0,1,0,"vo_minigame_1012_start_114","冲啊！"
13110401,1,3,1104,2,2,0,2,0.0,2,0,"vo_minigame_1012_start_115","不要随便乱选！"
13110402,1,3,1104,2,2,0,7,0.0,7,0,"vo_minigame_1012_start_116","正确答案是哪个呢？"
13110403,1,3,1104,2,2,0,1,0.0,1,0,"vo_minigame_1012_start_117","正确答案只有一个！"
13110404,1,3,1104,1,1,0,3,0.0,3,0,"vo_minigame_1012_start_118","是哪个呢？"
13110405,1,3,1104,1,1,0,2,0.0,2,0,"vo_minigame_1012_start_119","不知道的话就看运气吧！"
13110406,1,3,1104,1,1,0,5,0.0,5,0,"vo_minigame_1012_start_120","〇？　还是×？"
13110407,1,3,1104,3,3,0,1,0.0,1,0,"vo_minigame_1012_start_121","请多选。"
13110408,1,3,1104,3,3,0,0,0.0,0,0,"vo_minigame_1012_start_122","答案是复数！"
13110409,1,3,1104,3,3,0,3,0.0,3,0,"vo_minigame_1012_start_123","到底有几个正确答案呢？"
13110501,1,3,1105,0,0,0,1,0.0,1,0,"vo_minigame_1012_start_127","答得好。"
13110502,1,3,1105,0,0,0,10,0.0,10,0,"vo_minigame_1012_start_128","这个问题很眼熟。"
13110503,1,3,1105,0,0,0,8,0.0,8,0,"vo_minigame_1012_start_129","之前就答对的。"
13110601,1,3,1106,0,0,0,3,0.0,3,0,"vo_minigame_1012_start_124","这题能答对吗？"
13110602,1,3,1106,0,0,0,3,0.0,3,0,"vo_minigame_1012_start_125","这还不是正确答案。"
13110603,1,3,1106,0,0,0,1,0.0,1,0,"vo_minigame_1012_start_126","目标是第一次答对！"
13110701,1,3,1107,0,0,0,8,0.0,8,0,"vo_minigame_1012_start_130","到这里十分完美！"
13110702,1,3,1107,0,0,0,7,0.0,7,0,"vo_minigame_1012_start_131","最后一口气决胜负吧！"
13110801,1,3,1108,0,0,0,3,0.0,3,0,"vo_minigame_1012_start_132","下一题答错的话……"
13110802,1,3,1108,0,0,0,2,0.0,2,0,"vo_minigame_1012_start_133","最后一题要答对啊！"
13120101,1,3,1201,0,0,0,1,0.0,1,0,"vo_minigame_1012_correct_100","答对了！"
13120102,1,3,1201,0,0,0,7,0.0,7,0,"vo_minigame_1012_correct_101","干得漂亮！"
13120103,1,3,1201,0,0,0,8,0.0,8,0,"vo_minigame_1012_correct_102","挺不错的嘛！"
13120104,1,3,1201,0,0,0,1,0.0,1,0,"vo_minigame_1012_correct_103","就是这样！"
13120105,1,3,1201,0,0,0,1,0.0,1,0,"vo_minigame_1012_correct_104","很能干嘛！"
13120106,1,3,1201,0,0,0,8,0.0,8,0,"vo_minigame_1012_correct_105","做得好！"
13120107,1,3,1201,0,0,0,7,0.0,7,0,"vo_minigame_1012_correct_106","很好！"
13120201,1,3,1202,3000,0,0,5,0.01,5,8,"vo_minigame_1012_correct_110","好快！"
13120202,1,3,1202,3000,0,0,5,0.0,5,0,"vo_minigame_1012_correct_111","好厉害！"
13120203,1,3,1202,6000,3001,0,7,0.0,7,0,"vo_minigame_1012_correct_112","节奏不错！"
13120204,1,3,1202,6000,3001,0,1,0.0,1,0,"vo_minigame_1012_correct_113","好速度！"
13120205,1,3,1202,6000,3001,0,8,0.0,8,0,"vo_minigame_1012_correct_114","太棒了！"
13120206,1,3,1202,-1,13333,0,1,0.0,1,0,"vo_minigame_1012_correct_116","有点犹豫不决吗？"
13120301,1,3,1203,0,0,0,5,0.01,5,8,"vo_minigame_1012_correct_120","你是天才吗！？"
13120401,1,3,1204,0,0,0,1,0.0,1,0,"vo_minigame_1012_correct_124","你记住了呢！"
13120402,1,3,1204,0,0,0,7,0.0,7,0,"vo_minigame_1012_correct_126","好像很完美！"
13120501,1,3,1205,0,0,0,8,0.0,8,0,"vo_minigame_1012_correct_121","答出来了呢！"
13120502,1,3,1205,0,0,0,8,0.0,8,0,"vo_minigame_1012_correct_122","答对了！"
13120601,1,3,1206,-1,3,0,5,0.0,5,0,"vo_minigame_1012_correct_127","又答对了！"
13120701,1,3,1207,-1,3,0,1,0.0,1,0,"vo_minigame_1012_correct_130","从现在才开始呢！"
13130101,1,3,1301,0,0,0,4,0.0,4,0,"vo_minigame_1012_incorrect_100","不正确！"
13130102,1,3,1301,0,0,0,2,0.0,2,0,"vo_minigame_1012_incorrect_101","不对！"
13130103,1,3,1301,0,0,0,3,0.0,3,0,"vo_minigame_1012_incorrect_102","答错了呢……"
13130104,1,3,1301,0,0,0,4,0.0,4,0,"vo_minigame_1012_incorrect_103","糟了！"
13130105,1,3,1301,0,0,0,4,0.0,4,0,"vo_minigame_1012_incorrect_104","哎呀……"
13130106,1,3,1301,0,0,0,3,0.01,3,6,"vo_minigame_1012_incorrect_105","真遗憾！"
13130107,1,3,1301,0,0,0,2,0.0,2,0,"vo_minigame_1012_incorrect_106","下次一定！"
13130201,1,3,1302,3000,0,0,3,0.0,3,0,"vo_minigame_1012_incorrect_110","冷静一点！？"
13130202,1,3,1302,3000,0,0,6,0.01,6,8,"vo_minigame_1012_incorrect_111","刚才是什么！？"
13130203,1,3,1302,6000,3001,0,3,0.0,3,0,"vo_minigame_1012_incorrect_112","不要着急！"
13130204,1,3,1302,6000,3001,0,2,0.0,2,0,"vo_minigame_1012_incorrect_113","慢慢来就好！"
13130205,1,3,1302,6000,3001,0,2,0.0,2,0,"vo_minigame_1012_incorrect_114","准确比速度更重要！"
13130206,1,3,1302,-1,20000,0,5,0.0,5,0,"vo_minigame_1012_incorrect_115","想太多了吗？"
13130301,1,3,1303,0,0,0,9,0.0,9,0,"vo_minigame_1012_incorrect_120","这也没办法呢……"
13130401,1,3,1304,0,0,0,3,0.01,3,6,"vo_minigame_1012_incorrect_121","这是个你可以答对的问题哦？"
13130402,1,3,1304,0,0,0,6,0.01,6,2,"vo_minigame_1012_incorrect_122","有好好复习吗？"
13130501,1,3,1305,0,0,0,1,0.0,1,0,"vo_minigame_1012_incorrect_124","对了一部分！"
13130502,1,3,1305,0,0,0,5,0.0,5,0,"vo_minigame_1012_incorrect_125","嗯，真可惜！"
13140101,1,3,1401,0,0,0,3,0.0,3,0,"vo_minigame_1012_hint_100","怎么样？"
13140102,1,3,1401,0,0,0,10,0.0,10,0,"vo_minigame_1012_hint_101","能答对吗？"
13140103,1,3,1401,0,0,0,3,0.01,3,2,"vo_minigame_1012_hint_102","唔嗯……"
13140104,1,3,1401,0,0,0,1,0.0,1,0,"vo_minigame_1012_hint_103","要选哪个？"
13140105,1,3,1401,0,0,0,1,0.0,1,0,"vo_minigame_1012_hint_104","好好想想……"
13140106,1,3,1401,0,0,0,6,0.0,6,0,"vo_minigame_1012_hint_105","睡着了吗？"
13140107,1,3,1401,0,0,0,2,0.0,2,0,"vo_minigame_1012_hint_106","喂——"
13140108,1,3,1401,0,0,0,2,0.0,2,0,"vo_minigame_1012_hint_107","最坏的情况就是靠运气！"
13140109,1,3,1401,0,0,0,2,0.0,2,0,"vo_minigame_1012_hint_108","不要东张西望！"
13140201,1,3,1402,0,0,0,3,0.01,3,6,"vo_minigame_1012_hint_110","好难啊……"
13140202,1,3,1402,0,0,0,3,0.0,3,0,"vo_minigame_1012_hint_111","好难的问题……"
13140203,1,3,1402,0,0,0,9,0.0,9,0,"vo_minigame_1012_hint_112","凭直觉回答吧？"
13150101,1,3,1501,20000,3001,0,7,0.01,7,11,"vo_minigame_1012_hint_113","给你个提示！"
13150102,1,3,1501,20000,3001,0,1,0.0,1,0,"vo_minigame_1012_hint_114","这样就能猜到了吧？"
13150103,1,3,1501,20000,3001,0,7,0.01,7,11,"vo_minigame_1012_hint_115","给你特别服务！"
13150104,1,3,1501,3000,0,0,5,0.0,5,0,"vo_minigame_1012_hint_116","你现在就要？"
13150105,1,3,1501,3000,0,0,9,0.0,9,0,"vo_minigame_1012_hint_117","真是拿你没办法啊～"
13160101,1,3,1601,4,1,0,10,0.01,10,5,"vo_minigame_1012_tap_100","怎么了？"
13160102,1,3,1601,4,1,0,10,0.01,10,5,"vo_minigame_1012_tap_101","想跟我借橡皮吗？"
13160103,1,3,1601,9,5,0,4,0.0,4,0,"vo_minigame_1012_tap_102","不是，怎么了？"
13160104,1,3,1601,9,5,0,6,0.0,6,0,"vo_minigame_1012_tap_103","我脸上沾了东西吗？"
13160105,1,3,1601,-1,10,0,2,0.01,2,1,"vo_minigame_1012_tap_104","我真的要生气了哦！"
13160106,1,3,1601,-1,10,0,2,0.01,2,1,"vo_minigame_1012_tap_105","到底要摸几次！"
13200101,1,3,2001,0,0,0,1,0.0,1,0,"vo_minigame_1012_select_100","请选择要学习\n哪门学科！"
13200102,1,3,2001,0,0,0,8,0.0,8,0,"vo_minigame_1012_select_101","学习真热情啊！\n那要选哪门学科呢？"
13200103,1,3,2001,0,0,0,8,3.03,4,7,"vo_minigame_1012_select_102","学习、学习，真开心啊♪\n！　快、快点选！"
13400101,1,3,4001,0,0,0,1,0.0,1,0,"vo_minigame_1012_archive_100","可以回顾\n以前学习过的内容。\n答错的题\n也可以再这里复习！"
21120101,2,1,1201,0,0,0,2,0.01,2,4,"vo_minigame_1012_correct_207","太好了，得到了〇♪"
21120102,2,1,1201,0,0,0,2,0.01,2,4,"vo_minigame_1012_correct_208","干得好秀才♪"
21120103,2,1,1201,0,0,0,3,0.01,3,4,"vo_minigame_1012_correct_209","不愧是秀才♪"
21120201,2,1,1202,-1,13333,0,5,0.0,5,0,"vo_minigame_1012_correct_215","答出来了！"
21120202,2,1,1202,-1,13333,0,6,0.0,6,0,"vo_minigame_1012_correct_217","哦，正确答案？"
21120301,2,1,1203,0,0,0,6,0.0,6,0,"vo_minigame_1012_correct_218","好厉害！"
21120302,2,1,1203,0,0,0,2,0.01,2,4,"vo_minigame_1012_correct_219","一朵小红花♪"
21120401,2,1,1204,0,0,0,2,0.0,2,0,"vo_minigame_1012_correct_225","人家记得的～"
21120501,2,1,1205,0,0,0,4,0.0,4,0,"vo_minigame_1012_correct_223","终于答对了！"
21120601,2,1,1206,-1,3,0,2,0.01,2,4,"vo_minigame_1012_correct_228","超兴奋♪"
21120701,2,1,1207,-1,3,0,3,0.0,3,0,"vo_minigame_1012_correct_231","开始反转！"
21130101,2,1,1301,0,0,0,9,0.01,9,6,"vo_minigame_1012_incorrect_207","失落～"
21130102,2,1,1301,0,0,0,4,0.0,4,0,"vo_minigame_1012_incorrect_208","弄错了吗？"
21130103,2,1,1301,0,0,0,4,0.0,4,0,"vo_minigame_1012_incorrect_209","是不是没有错？"
21130201,2,1,1302,-1,20000,0,4,0.0,4,0,"vo_minigame_1012_incorrect_216","没来得及吗？"
21130202,2,1,1302,-1,20000,0,8,0.0,8,0,"vo_minigame_1012_incorrect_217","人家发呆了！"
21130301,2,1,1303,0,0,0,4,0.01,4,6,"vo_minigame_1012_incorrect_218","时间太紧迫了。"
21130302,2,1,1303,0,0,0,8,0.0,8,0,"vo_minigame_1012_incorrect_219","什么魔鬼难度嘛～"
21130401,2,1,1304,0,0,0,6,0.0,6,0,"vo_minigame_1012_incorrect_223","咦，不对嘛？"
21130501,2,1,1305,0,0,0,8,0.0,8,0,"vo_minigame_1012_incorrect_226","明明就剩一点点了！"
21300101,2,1,3001,10,10,1,6,3.32,0,0,"vo_minigame_1012_result_2000","好强，全都是〇嘛！\n按这样教人家的话，\n人家也会变聪明吧！"
21300102,2,1,3001,10,10,1,6,6.5,2,3,"vo_minigame_1012_result_2001","咦，只有〇吗？\n竟然真的能得满分啊……\n秀才好厉害！"
21300103,2,1,3001,10,10,1,3,3.1,6,5,"vo_minigame_1012_result_2002","满分啊！　好棒！\n莫非这些对秀才来说\n太简单了？"
21300104,2,1,3001,10,10,2,3,2.06,2,11,"vo_minigame_1012_result_2003","一下子就解决了！\n秀才，谢谢你\n教人家学习♪"
21300105,2,1,3001,10,10,2,3,4.45,7,0,"vo_minigame_1012_result_2004","难题也全对！\n超燃的啊！\n秀才脑子太灵光了～"
21300106,2,1,3001,10,10,2,2,0.01,2,11,"vo_minigame_1012_result_2005","呀哈，满分啊！\n和你一起学习的\n人家也很开心哦！"
21300107,2,1,3001,10,10,3,2,6.64,3,11,"vo_minigame_1012_result_2006","秀才，完美的满分！\n你已经是最强了呢！\n来，击掌！"
21300108,2,1,3001,10,10,3,6,0.0,6,0,"vo_minigame_1012_result_2007","太完美了\n简直不敢直视！\n只有〇到底是怎么回事！？"
21300109,2,1,3001,10,10,3,6,5.76,7,0,"vo_minigame_1012_result_2008","魔鬼难度也能满分！\n秀才老师真的太厉害了！\n以后也靠你了哦～"
21300110,2,1,3001,9,7,1,6,0.0,6,0,"vo_minigame_1012_result_2009","秀才，难道说\n你答得很轻松？\n全都答对了嘛！"
21300111,2,1,3001,9,7,1,2,2.59,7,0,"vo_minigame_1012_result_2010","全是〇，真的笑死～\n话说秀才太会教了！\n非常简单易懂♪"
21300112,2,1,3001,9,7,1,2,4.09,3,11,"vo_minigame_1012_result_2011","有这么多的〇，\n感觉好开心哦♪\n下一次要得满分哦！"
21300113,2,1,3001,9,7,2,2,2.47,3,0,"vo_minigame_1012_result_2012","差一点就满分了！\n不愧是秀才！\n激动起来了～"
21300114,2,1,3001,9,7,2,3,0.01,3,11,"vo_minigame_1012_result_2013","呀哈，答对了好多～\n真是的，下次就满分了吧！\n超让人兴奋♪"
21300115,2,1,3001,9,7,2,2,0.0,2,0,"vo_minigame_1012_result_2014","多亏了秀才，\n人家也多少能\n好好学习了！"
21300116,2,1,3001,9,7,3,6,3.45,2,0,"vo_minigame_1012_result_2015","全是魔鬼难度的问题\n也能都是〇啊！\n秀才真可靠！"
21300117,2,1,3001,9,7,3,3,0.0,3,0,"vo_minigame_1012_result_2016","为了追上并超越\n秀才老师！\n人家也会加油的！"
21300118,2,1,3001,9,7,3,2,4.0,3,0,"vo_minigame_1012_result_2017","魔鬼难题也能\n差点满分！\n到了这个地步\n只能继续努力了！"
21300119,2,1,3001,6,4,1,6,0.92,0,0,"vo_minigame_1012_result_2018","哦！　还有一半，\n人家也要\n再努力一下！"
21300120,2,1,3001,6,4,1,0,4.36,3,0,"vo_minigame_1012_result_2019","虽然还是有不知所云的问题，\n但是还不错吧？\n激动起来了。\n下次会更好吧？"
21300121,2,1,3001,6,4,1,6,2.35,2,0,"vo_minigame_1012_result_2020","差不多一半了？\n那接下去才是重点！\n专注，专注！"
21300122,2,1,3001,6,4,2,0,2.13,2,0,"vo_minigame_1012_result_2021","差不多一半左右？\n好，总之不会挂科了！\n干得好！"
21300123,2,1,3001,6,4,2,0,2.38,2,0,"vo_minigame_1012_result_2022","还有一半是吧！\n加油加油，秀才！\n人家也要加油～"
21300124,2,1,3001,6,4,2,4,3.5,0,0,"vo_minigame_1012_result_2023","唔～嗯，果然好难啊。\n不过，差不多一半是〇，\n感觉没问题！"
21300125,2,1,3001,6,4,3,0,2.25,6,0,"vo_minigame_1012_result_2024","差不多答对一半？\n也就是说，\n还有一半就是满分了！"
21300126,2,1,3001,6,4,3,3,2.14,6,0,"vo_minigame_1012_result_2025","挺厉害的嘛，秀才！\n咦？　你有更高的目标？\n那人家也要加油！"
21300127,2,1,3001,6,4,3,6,3.75,2,0,"vo_minigame_1012_result_2026","明明是魔鬼难度，\n居然答对了一半！？\n秀才干得好！"
21300128,2,1,3001,3,1,1,4,2.53,10,5,"vo_minigame_1012_result_2027","真是魔鬼难度啊～\n咦？　这个很简单？\n诶嘿嘿，骗人的吧？"
21300129,2,1,3001,3,1,1,4,0.01,4,9,"vo_minigame_1012_result_2028","那个那个，秀才，\n不用配合人家\n一起得低分的哦？"
21300130,2,1,3001,3,1,1,0,2.93,3,0,"vo_minigame_1012_result_2029","热身运动\n就到这里……\n秀才，下一次\n要拿出真本事来哦！"
21300131,2,1,3001,3,1,2,0,4.26,3,4,"vo_minigame_1012_result_2030","啊，秀才\n和人家的得分一样嘛！\n一起不及格吧♪"
21300132,2,1,3001,3,1,2,10,0.0,10,0,"vo_minigame_1012_result_2031","那个……\n能再教人家一次的话，\n感觉下次就\n稍微能行一点了！"
21300133,2,1,3001,3,1,2,9,4.98,0,5,"vo_minigame_1012_result_2032","人家也完全搞不懂～\n到底是哪里错了？\n再学习一次吧？"
21300134,2,1,3001,3,1,3,4,0.01,4,9,"vo_minigame_1012_result_2033","难度太魔鬼了完全不懂……\n怎么办……\n秀才，救我～"
21300135,2,1,3001,3,1,3,4,0.01,4,6,"vo_minigame_1012_result_2034","感觉要不及格？\n唔～嗯……难得的机会，\n和人家一起加油吧！"
21300136,2,1,3001,3,1,3,4,2.51,10,11,"vo_minigame_1012_result_2035","果然好难啊……\n但不是0分\n就好啦！"
21300137,2,1,3001,0,0,1,0,2.54,6,0,"vo_minigame_1012_result_2036","好，得分是……\n咦，0分吗！？\n秀才，你怎么了？"
21300138,2,1,3001,0,0,1,2,4.08,10,5,"vo_minigame_1012_result_2037","秀才是\n故意得0分的吧？\n不是吗？　真的？"
21300139,2,1,3001,0,0,1,6,3.41,4,0,"vo_minigame_1012_result_2038","秀才得了0分呢……\n要不要换人家来\n教你学习？"
21300140,2,1,3001,0,0,2,10,4.1,8,0,"vo_minigame_1012_result_2039","嗯……\n一点都看不懂！\n不过，学习\n一直都是这样吧！"
21300141,2,1,3001,0,0,2,6,5.8,2,4,"vo_minigame_1012_result_2040","这题我们学过吗？\n秀才也不记得了？\n那没办法啦！\n下次吧下次！"
21300142,2,1,3001,0,0,2,10,4.6,8,3,"vo_minigame_1012_result_2041","那个那个，全部是×\n也算是很稀有吧？\n不可以开心一下吗？"
21300143,2,1,3001,0,0,3,10,6.04,2,0,"vo_minigame_1012_result_2042","知道题目难度很魔鬼！\n这也算是有点进步……了吧？\n下次加油哦！"
21300144,2,1,3001,0,0,3,9,1.92,3,4,"vo_minigame_1012_result_2043","0分！　可是可是\n我们激动的情绪是满分嘛♪\n秀才，再来一次！"
21300145,2,1,3001,0,0,3,7,0.0,7,0,"vo_minigame_1012_result_2044","和秀才一样的分数\n超让人开心的！\n一起从0分开始努力吧！"
22120101,2,2,1201,0,0,0,2,0.0,2,0,"vo_minigame_1012_correct_232","诶嘿嘿～"
22120102,2,2,1201,0,0,0,6,0.0,6,0,"vo_minigame_1012_correct_233","哎～"
22120103,2,2,1201,0,0,0,3,0.0,3,0,"vo_minigame_1012_correct_234","正确♪"
22120201,2,2,1202,3000,0,0,2,0.0,2,0,"vo_minigame_1012_correct_235","咻咻！"
22120202,2,2,1202,3000,0,0,2,0.0,2,0,"vo_minigame_1012_correct_236","干得好！"
22120203,2,2,1202,6000,3001,0,3,0.0,3,0,"vo_minigame_1012_correct_237","漂亮～"
22120204,2,2,1202,-1,13333,0,6,0.0,6,0,"vo_minigame_1012_correct_238","刚好完成！"
22120301,2,2,1203,0,0,0,7,0.0,7,0,"vo_minigame_1012_correct_239","嘿呀！"
22120401,2,2,1204,0,0,0,3,0.01,3,4,"vo_minigame_1012_correct_241","是呢♪"
22120501,2,2,1205,0,0,0,6,0.0,6,0,"vo_minigame_1012_correct_240","去吧！"
22120601,2,2,1206,-1,3,0,2,0.0,2,0,"vo_minigame_1012_correct_242","最厉害了～"
22120701,2,2,1207,-1,3,0,5,0.0,5,0,"vo_minigame_1012_correct_243","人家不会输的～"
22130101,2,2,1301,0,0,0,4,0.0,4,0,"vo_minigame_1012_incorrect_227","不行吗？"
22130102,2,2,1301,0,0,0,4,0.01,4,6,"vo_minigame_1012_incorrect_228","打击！"
22130103,2,2,1301,0,0,0,5,0.0,5,0,"vo_minigame_1012_incorrect_229","唔唔……"
22130202,2,2,1302,3000,0,0,6,0.0,6,0,"vo_minigame_1012_incorrect_231","哎哎！？"
22130203,2,2,1302,6000,3001,0,4,0.0,4,0,"vo_minigame_1012_incorrect_232","哎呀～"
22130204,2,2,1302,-1,20000,0,4,0.0,4,0,"vo_minigame_1012_incorrect_233","等一下～"
22130301,2,2,1303,0,0,0,9,0.0,9,0,"vo_minigame_1012_incorrect_234","魔鬼难度～"
22130401,2,2,1304,0,0,0,10,0.0,10,0,"vo_minigame_1012_incorrect_235","你说什么？"
22130501,2,2,1305,0,0,0,5,0.0,5,0,"vo_minigame_1012_incorrect_236","好不甘心～"
22170101,2,2,1701,30000,20000,0,6,0.01,6,3,"vo_minigame_1012_time_200","真是的，快结束了！"
22170102,2,2,1701,30000,20000,0,5,0.01,5,9,"vo_minigame_1012_time_201","得快点才行！"
22300101,2,2,3001,-1,20,1,2,2.81,3,4,"vo_minigame_1012_result_2045","〇太多了，笑死～\n这么流畅地答题\n真的很帅气哦♪"
22300102,2,2,3001,-1,20,1,3,2.31,2,11,"vo_minigame_1012_result_2046","分数很可以了嘛！　\n难道说题目对秀才来说\n太简单了？"
22300103,2,2,3001,-1,20,1,3,0.01,3,11,"vo_minigame_1012_result_2047","呀哈，已经很好了呢♪\n希望也能教我一下其他问题。\n下次选择难一点的吧？"
22300104,2,2,3001,-1,20,2,6,4.33,7,11,"vo_minigame_1012_result_2048","这么难的题，\n却得到这么多〇！\n不愧是秀才老师！"
22300105,2,2,3001,-1,20,2,6,5.73,2,0,"vo_minigame_1012_result_2049","明明只是\n一起学习，\n感觉连人家都变聪明了！\n真的谢谢你。"
22300106,2,2,3001,-1,20,2,6,0.01,6,8,"vo_minigame_1012_result_2050","这个问题很难吧？\n为什么这么轻松答出来了？\n秀才太厉害了！"
22300107,2,2,3001,-1,20,3,6,4.02,3,0,"vo_minigame_1012_result_2051","明明是魔鬼难度，\n却一瞬间就回答出来了！\n秀才也太从聪明了吧？"
22300108,2,2,3001,-1,20,3,2,5.24,3,11,"vo_minigame_1012_result_2052","正确，正确，小红花～\n呀哈哈，好厉害！\n不愧是秀才！\n击掌！"
22300109,2,2,3001,-1,20,3,2,4.6,3,4,"vo_minigame_1012_result_2053","已经教了人家这么多，\n考试肯定轻轻松松了吧！\n秀才，真的谢谢你♪"
22300110,2,2,3001,-1,20,1,6,5.57,10,0,"vo_minigame_1012_result_2054","人家也是第一次见到这样的！\n秀才老师是神吗！\n对了，作为纪念把这个装饰上吧♪\n咦，有点害羞？"
22300112,2,2,3001,-1,20,2,6,5.57,10,0,"vo_minigame_1012_result_2054","人家也是第一次见到这样的！\n秀才老师是神吗！\n对了，作为纪念把这个装饰上吧♪\n咦，有点害羞？"
22300114,2,2,3001,-1,20,3,6,5.57,10,0,"vo_minigame_1012_result_2054","人家也是第一次见到这样的！\n秀才老师是神吗！\n对了，作为纪念把这个装饰上吧♪\n咦，有点害羞？"
22300116,2,2,3001,19,15,1,2,0.0,2,0,"vo_minigame_1012_result_2056","这么多问题\n都能一一解答，\n真是超可靠的！"
22300117,2,2,3001,19,15,1,6,5.23,3,11,"vo_minigame_1012_result_2057","哦——不愧是秀才！\n〇的数量也很秀才♪\n耶！"
22300118,2,2,3001,19,15,1,3,3.23,2,11,"vo_minigame_1012_result_2058","秀才得到了好多〇哦♪\n人家也记住了很多\n你教的东西哦？"
22300119,2,2,3001,19,15,2,3,6.0,7,10,"vo_minigame_1012_result_2059","好让人兴奋的分数！\n总之，要喊一声吗？\n来吧，我厉害吧！"
22300120,2,2,3001,19,15,2,7,0.0,7,0,"vo_minigame_1012_result_2060","一点点解开\n难题\n真开心啊。\n有点感动呢～"
22300121,2,2,3001,19,15,2,6,0.0,6,0,"vo_minigame_1012_result_2061","解了这么多题，\n秀才也不会觉得脑袋爆炸吗？\n好强！"
22300122,2,2,3001,19,15,3,6,3.06,2,3,"vo_minigame_1012_result_2062","哇哇，全是〇！\n照这个势头，\n下一次应该会有20题正确吧？"
22300123,2,2,3001,19,15,3,6,5.74,5,0,"vo_minigame_1012_result_2063","超过15题都是〇！\n明明是魔鬼难度，你也太厉害了～\n人家也要加油才行！"
22300124,2,2,3001,19,15,3,6,2.67,3,0,"vo_minigame_1012_result_2064","好强的专注力！\n莫非秀才你\n越是遇到难题\n越能燃起斗志？"
22300131,2,2,3001,14,10,1,3,0.0,3,0,"vo_minigame_1012_result_2067","呀哈，真棒！\n答对了这么多题，\n应该说是……\n学习有了成果吧♪"
22300132,2,2,3001,14,10,1,2,0.0,2,0,"vo_minigame_1012_result_2068","10题以上都是〇呢♪\n多亏了秀才，\n人家也稍微\n变聪明一点了吗？"
22300133,2,2,3001,14,10,1,10,2.28,2,0,"vo_minigame_1012_result_2069","解开了很多题呢？\n果然〇越多，\n越让人兴奋～"
22300134,2,2,3001,14,10,2,2,0.0,2,0,"vo_minigame_1012_result_2070","学习就是这么回事吧。\n只要能学进去，\n就还挺有意思的！"
22300135,2,2,3001,14,10,2,6,2.1,2,0,"vo_minigame_1012_result_2071","答对了10题以上！？\n这个节奏很棒呢！\n状态不错，状态不错～"
22300136,2,2,3001,14,10,2,2,2.13,3,0,"vo_minigame_1012_result_2072","答对了好多！\n只要和秀才一起，\n遇到难题也不害怕了♪"
22300137,2,2,3001,14,10,3,7,0.0,7,0,"vo_minigame_1012_result_2073","这么魔鬼的难题也愿意教人家，\n你好温柔，真的很感谢！\n一起加油吧♪"
22300138,2,2,3001,14,10,3,6,0.0,6,0,"vo_minigame_1012_result_2074","明明是魔鬼一样的难题，\n居然还得到了很多〇。\n秀才太厉害了吧？"
22300139,2,2,3001,14,10,3,6,4.21,5,0,"vo_minigame_1012_result_2075","魔鬼难题也能有这个节奏\n太厉害了吧？\n人家也要努力跟上才呢！"
22300146,2,2,3001,9,5,1,0,1.94,3,0,"vo_minigame_1012_result_2078","还不错吧？\n可是可是，\n秀才和人家一起，\n应该能做得更好！"
22300147,2,2,3001,9,5,1,4,2.28,0,0,"vo_minigame_1012_result_2079","好像要更多〇啊……\n感觉只能\n老老实实学习。\n可以再教人家一下吗？"
22300148,2,2,3001,9,5,1,4,0.0,4,0,"vo_minigame_1012_result_2080","虽然学习了，\n但全是不懂的地方……\n秀才老师，救命啊～"
22300149,2,2,3001,9,5,2,4,2.67,3,0,"vo_minigame_1012_result_2081","果然很难啊……\n但是我感觉下一次\n会稍微好一点！"
22300150,2,2,3001,9,5,2,10,4.68,6,0,"vo_minigame_1012_result_2082","问题这么难，这个分数\n已经相当不错了？\n咦，感觉可以答得更好？"
22300151,2,2,3001,9,5,2,9,0.0,9,0,"vo_minigame_1012_result_2083","到底是哪里错了呢？\n人家完全搞不懂……\n果然题目相当难吧。"
22300152,2,2,3001,9,5,3,0,3.55,3,0,"vo_minigame_1012_result_2084","虽然超级难，\n但要做的事是一样的吧？\n人家也会跟着秀才的，\n踏踏实实地加油吧！"
22300153,2,2,3001,9,5,3,4,2.51,6,0,"vo_minigame_1012_result_2085","果然是魔鬼难题……\n对了，要是不明白，\n也可以要求\n提示哦？"
22300154,2,2,3001,9,5,3,9,6.15,5,0,"vo_minigame_1012_result_2086","果然考试不能\n随便糊弄啊？\n只能去背下来吗？\n那只有努力一把了……"
22300155,2,2,3001,4,1,1,4,4.12,9,6,"vo_minigame_1012_result_2087","还以为自己可以，\n结果并没有？\n考试真残酷啊……"
22300156,2,2,3001,4,1,1,4,0.01,4,6,"vo_minigame_1012_result_2088","唔嗯……不懂啊！\n不过这是简单的问题吧？\n再来一次试试吗？"
22300157,2,2,3001,4,1,1,0,5.28,3,0,"vo_minigame_1012_result_2089","我们还在\n学习中呢……\n接下来才是重头戏。\n对吧，秀才！"
22300158,2,2,3001,4,1,2,0,2.89,3,0,"vo_minigame_1012_result_2090","一点点记住\n就可以了吧！\n和人家一起\n学习吧！"
22300159,2,2,3001,4,1,2,0,5.45,7,0,"vo_minigame_1012_result_2091","虽然人家不擅长学习，\n但是很喜欢\n和秀才一起学习！　所以\n可以再教我一次吗？"
22300160,2,2,3001,4,1,2,4,4.29,10,3,"vo_minigame_1012_result_2092","就算记住也会很快忘记，\n人家要怎么办才好？\n啊，这种时候\n就要复习？"
22300161,2,2,3001,4,1,3,4,4.64,8,6,"vo_minigame_1012_result_2093","太难了！\n还以为脑子要爆炸了！\n秀才，给人家的脑袋\n吹一吹吧～"
22300162,2,2,3001,4,1,3,9,3.14,5,0,"vo_minigame_1012_result_2094","太难了真让人失落～\n可是秀才很努力，\n人家也要努力！"
22300163,2,2,3001,4,1,3,7,6.59,4,0,"vo_minigame_1012_result_2095","和秀才一样的分数\n让人有点放心呢。\n一起加油吧！\n人家可不想被你丢下哦。"
22300164,2,2,3001,0,0,1,3,0.0,3,0,"vo_minigame_1012_result_2096","算了，已经没有下降空间了。\n下次会咸鱼翻身，\n分数暴涨的吧！"
22300165,2,2,3001,0,0,1,9,2.2,10,5,"vo_minigame_1012_result_2097","0分啊……\n对了，下次要不要\n转铅笔做选择题试试？"
22300166,2,2,3001,0,0,1,4,0.01,4,6,"vo_minigame_1012_result_2098","有的时候思考也没用……\n秀才也会\n有这种感觉吗？"
22300167,2,2,3001,0,0,2,6,2.8,2,3,"vo_minigame_1012_result_2099","咦，秀才也0分？\n那和人家一样嘛♪\n不要着急，\n好好学习吧！"
22300168,2,2,3001,0,0,2,9,3.22,4,6,"vo_minigame_1012_result_2100","唔唔唔～0分！\n就算记住也会很快忘记，\n学习也太难了。"
22300169,2,2,3001,0,0,2,4,2.1,0,11,"vo_minigame_1012_result_2101","0分啊……\n不过，不要紧啦。\n只要后面扳回一城，就没问题！"
22300170,2,2,3001,0,0,3,0,2.74,2,3,"vo_minigame_1012_result_2102","吃点点心休息一下，\n再去扳回一城吧！\n吃点甜食，应该能行吧！"
22300171,2,2,3001,0,0,3,6,3.0,9,9,"vo_minigame_1012_result_2103","就算是秀才\n也觉得太难了吗？\n那么这个考试\n没人会吗？"
22300172,2,2,3001,0,0,3,10,4.37,2,0,"vo_minigame_1012_result_2104","咦？\n把0看成了〇呢！\n呀哈，稍微\n有点干劲了！"
23100101,2,3,1001,0,0,0,0,0.01,0,10,"vo_minigame_1012_gamestart_200","好，加油哦。"
23100102,2,3,1001,0,0,0,2,0.0,2,0,"vo_minigame_1012_gamestart_201","学习、\n学习！"
23100103,2,3,1001,0,0,0,3,0.0,3,0,"vo_minigame_1012_gamestart_202","秀才，请多指教～"
23100201,2,3,1002,-1,3,0,0,0.01,0,4,"vo_minigame_1012_gamestart_203","复习也很重要呢♪"
23100202,2,3,1002,-1,3,0,7,0.0,7,0,"vo_minigame_1012_gamestart_204","那个那个，再多教人家一点～"
23100301,2,3,1003,1,1,0,5,0.0,5,0,"vo_minigame_1012_gamestart_205","首先要从这里开始呢！"
23100302,2,3,1003,1,1,0,0,0.0,0,0,"vo_minigame_1012_gamestart_206","拜托手下留情～"
23100303,2,3,1003,2,2,0,6,0.0,6,0,"vo_minigame_1012_gamestart_207","好像有点难哦？"
23100304,2,3,1003,2,2,0,5,0.0,5,0,"vo_minigame_1012_gamestart_208","好的，人家努力试试！"
23100305,2,3,1003,3,3,0,4,0.0,4,0,"vo_minigame_1012_gamestart_209","不妙，这是魔鬼难度啊！"
23100306,2,3,1003,3,3,0,10,0.0,10,0,"vo_minigame_1012_gamestart_210","这就是所谓的想到脑袋爆炸吗？"
23100401,2,3,1004,0,0,0,3,0.0,3,0,"vo_minigame_1012_gamestart_211","好，人家也不会放弃的～"
23100402,2,3,1004,0,0,0,2,0.0,2,0,"vo_minigame_1012_gamestart_212","再学习一次！"
23100501,2,3,1005,0,0,0,3,0.0,3,0,"vo_minigame_1012_gamestart_213","人家看到你\n和凯露露\n一起学习了♪"
23100502,2,3,1005,0,0,0,0,0.0,0,0,"vo_minigame_1012_gamestart_214","人家也学凯露露戴眼镜吧？"
23110101,2,3,1101,0,0,0,3,0.0,3,0,"vo_minigame_1012_start_200","冲啊！"
23110102,2,3,1101,0,0,0,4,0.0,4,0,"vo_minigame_1012_start_201","能答对吗？"
23110103,2,3,1101,0,0,0,2,0.0,2,0,"vo_minigame_1012_start_202","秀才老师！"
23110201,2,3,1102,0,0,0,5,0.0,5,0,"vo_minigame_1012_start_203","还不够呢！"
23110202,2,3,1102,0,0,0,0,0.0,0,0,"vo_minigame_1012_start_204","扳回一局！"
23110203,2,3,1102,0,0,0,5,0.0,5,0,"vo_minigame_1012_start_205","专注、专注！"
23110301,2,3,1103,4,2,0,3,0.0,3,0,"vo_minigame_1012_start_206","好戏才刚开始呢！"
23110302,2,3,1103,4,2,0,3,0.0,3,0,"vo_minigame_1012_start_207","不断前进吧！"
23110303,2,3,1103,4,2,0,2,0.0,2,0,"vo_minigame_1012_start_208","燃起来了。"
23110304,2,3,1103,7,5,0,2,0.0,2,0,"vo_minigame_1012_start_209","加油加油！"
23110305,2,1,1103,7,5,0,5,0.0,5,0,"vo_minigame_1012_start_210","还有一半！"
23110306,2,1,1103,7,5,0,5,0.0,5,0,"vo_minigame_1012_start_211","下半场！"
23110307,2,1,1103,10,8,0,0,0.0,0,0,"vo_minigame_1012_start_212","差不多要结束了！"
23110308,2,1,1103,10,8,0,2,0.0,2,0,"vo_minigame_1012_start_213","还有一点点啦！"
23110309,2,1,1103,10,8,0,5,0.0,5,0,"vo_minigame_1012_start_214","再坚持一下！"
23110401,2,3,1104,2,2,0,0,0.0,0,0,"vo_minigame_1012_start_215","选出正确答案就好。"
23110402,2,3,1104,2,2,0,6,0.0,6,0,"vo_minigame_1012_start_216","哪个是正确答案呢？"
23110403,2,3,1104,2,2,0,0,0.0,0,0,"vo_minigame_1012_start_217","好像是四选一！"
23110404,2,3,1104,1,1,0,3,0.0,3,0,"vo_minigame_1012_start_218","是判断题呢！"
23110405,2,3,1104,1,1,0,6,0.0,6,0,"vo_minigame_1012_start_219","是〇吗，还是×？"
23110406,2,3,1104,1,1,0,0,0.0,0,0,"vo_minigame_1012_start_220","你怎么看？"
23110407,2,3,1104,3,3,0,2,0.0,2,0,"vo_minigame_1012_start_221","选出所有\n正确答案哦！"
23110408,2,3,1104,3,3,0,0,0.0,0,0,"vo_minigame_1012_start_222","好像有多个正确答案。"
23110409,2,3,1104,3,3,0,6,0.0,6,0,"vo_minigame_1012_start_223","只选出正确答案吧。"
23110501,2,3,1105,0,0,0,6,0.0,6,0,"vo_minigame_1012_start_227","这题好像会做！"
23110502,2,3,1105,0,0,0,5,0.0,5,0,"vo_minigame_1012_start_228","嗯，好像是……"
23110503,2,3,1105,0,0,0,10,0.0,10,0,"vo_minigame_1012_start_229","这题做过吗？"
23110601,2,3,1106,0,0,0,4,0.0,4,0,"vo_minigame_1012_start_224","好难啊！"
23110602,2,3,1106,0,0,0,10,0.0,10,0,"vo_minigame_1012_start_225","是选这个吗？"
23110603,2,3,1106,0,0,0,0,0.0,0,0,"vo_minigame_1012_start_226","你以前见过这题吧？"
23110701,2,3,1107,0,0,0,3,0.0,3,0,"vo_minigame_1012_start_230","好，达到了达到了！"
23110702,2,3,1107,0,0,0,2,0.01,2,4,"vo_minigame_1012_start_231","还有一题♪"
23110801,2,3,1108,0,0,0,6,0.0,6,0,"vo_minigame_1012_start_232","这题，\n简直是魔鬼难度吧？"
23110802,2,3,1108,0,0,0,4,0.0,4,0,"vo_minigame_1012_start_233","这是不及格吗？"
23120101,2,3,1201,0,0,0,6,0.0,6,0,"vo_minigame_1012_correct_200","原来如此。"
23120102,2,3,1201,0,0,0,2,0.0,2,0,"vo_minigame_1012_correct_201","这样啊！"
23120103,2,3,1201,0,0,0,3,0.01,3,11,"vo_minigame_1012_correct_202","耶！"
23120104,2,3,1201,0,0,0,3,0.0,3,0,"vo_minigame_1012_correct_203","答对了！"
23120105,2,3,1201,0,0,0,1,0.01,1,2,"vo_minigame_1012_correct_204","唔唔……"
23120106,2,3,1201,0,0,0,6,0.0,6,0,"vo_minigame_1012_correct_205","人家都不知道呢……"
23120107,2,3,1201,0,0,0,3,0.0,3,0,"vo_minigame_1012_correct_206","很棒嘛！"
23120201,2,3,1202,3000,0,0,6,0.0,6,0,"vo_minigame_1012_correct_210","太快了吧～"
23120202,2,3,1202,3000,0,0,6,0.0,6,0,"vo_minigame_1012_correct_211","等一下！"
23120203,2,3,1202,6000,3001,0,6,0.01,6,8,"vo_minigame_1012_correct_212","再来一次！？"
23120204,2,3,1202,6000,3001,0,6,0.01,6,8,"vo_minigame_1012_correct_213","时间太短了吧！？"
23120205,2,3,1202,6000,3001,0,3,0.0,3,0,"vo_minigame_1012_correct_214","干得漂亮！"
23120206,2,3,1202,-1,13333,0,4,0.0,4,0,"vo_minigame_1012_correct_216","好难啊。"
23120301,2,3,1203,0,0,0,3,0.0,3,0,"vo_minigame_1012_correct_220","超激动～"
23120401,2,3,1204,0,0,0,3,0.0,3,0,"vo_minigame_1012_correct_224","轻轻松松！"
23120402,2,3,1204,0,0,0,3,0.0,3,0,"vo_minigame_1012_correct_226","真是太棒了！"
23120501,2,3,1205,0,0,0,2,0.0,2,0,"vo_minigame_1012_correct_221","猜中了！"
23120502,2,3,1205,0,0,0,3,0.0,3,0,"vo_minigame_1012_correct_222","要扳回一城哦！"
23120601,2,3,1206,-1,3,0,2,0.0,2,0,"vo_minigame_1012_correct_227","很不错～"
23120602,2,3,1206,-1,3,0,3,0.01,3,4,"vo_minigame_1012_correct_229","激动起来了！"
23120701,2,3,1207,-1,3,0,5,0.0,5,0,"vo_minigame_1012_correct_230","现在才开始呢！"
23130101,2,3,1301,0,0,0,4,0.01,4,6,"vo_minigame_1012_incorrect_200","唔嗯……"
23130102,2,3,1301,0,0,0,4,0.0,4,0,"vo_minigame_1012_incorrect_201","怎么这样～"
23130103,2,3,1301,0,0,0,10,0.0,10,0,"vo_minigame_1012_incorrect_202","这样哦。"
23130104,2,3,1301,0,0,0,9,0.0,9,0,"vo_minigame_1012_incorrect_203","不会吧！？"
23130105,2,3,1301,0,0,0,4,0.0,4,0,"vo_minigame_1012_incorrect_204","猜错了？"
23130106,2,3,1301,0,0,0,4,0.01,4,6,"vo_minigame_1012_incorrect_205","打击～"
23130107,2,3,1301,0,0,0,9,0.0,9,0,"vo_minigame_1012_incorrect_206","为什么为什么！"
23130201,2,3,1302,3000,0,0,6,0.01,6,8,"vo_minigame_1012_incorrect_210","真的吗！？"
23130202,2,3,1302,3000,0,0,6,0.01,6,8,"vo_minigame_1012_incorrect_211","秀才！？"
23130203,2,3,1302,6000,3001,0,4,0.0,4,0,"vo_minigame_1012_incorrect_212","咦？"
23130204,2,3,1302,6000,3001,0,4,0.0,4,0,"vo_minigame_1012_incorrect_213","错了！？"
23130205,2,3,1302,6000,3001,0,4,0.0,4,0,"vo_minigame_1012_incorrect_214","不要着急，慢慢来吧？"
23130206,2,3,1302,-1,20000,0,4,0.0,4,0,"vo_minigame_1012_incorrect_215","时间到了？"
23130301,2,3,1303,0,0,0,9,0.0,9,0,"vo_minigame_1012_incorrect_220","真是不知道在说什么～"
23130401,2,3,1304,0,0,0,10,0.0,10,0,"vo_minigame_1012_incorrect_221","忘掉了……"
23130402,2,3,1304,0,0,0,4,0.0,4,0,"vo_minigame_1012_incorrect_222","是这样吗？"
23130501,2,3,1305,0,0,0,10,0.0,10,0,"vo_minigame_1012_incorrect_224","就差一点点，失败了？"
23130502,2,3,1305,0,0,0,5,0.0,5,0,"vo_minigame_1012_incorrect_225","太可惜了～"
23140101,2,3,1401,0,0,0,5,0.0,5,0,"vo_minigame_1012_hint_200","唔唔唔～"
23140102,2,3,1401,0,0,0,5,0.0,5,0,"vo_minigame_1012_hint_201","要选哪个呢？"
23140103,2,3,1401,0,0,0,4,0.0,4,0,"vo_minigame_1012_hint_202","搞不懂啦～"
23140104,2,3,1401,0,0,0,5,0.0,5,0,"vo_minigame_1012_hint_203","正在思考……"
23140105,2,3,1401,0,0,0,5,0.01,5,7,"vo_minigame_1012_hint_204","人、人家才没睡着呢！"
23140106,2,3,1401,0,0,0,2,0.01,2,4,"vo_minigame_1012_hint_205","哼哼哼♪"
23140107,2,3,1401,0,0,0,3,0.01,3,11,"vo_minigame_1012_hint_206","呀哈，\n对上视线了♪"
23140108,2,3,1401,0,0,0,0,0.0,0,0,"vo_minigame_1012_hint_207","喂喂，吃点心吗？"
23140109,2,3,1401,0,0,0,4,0.0,4,0,"vo_minigame_1012_hint_208","脑袋要想爆了……"
23140110,2,3,1401,0,0,0,10,0.0,10,0,"vo_minigame_1012_hint_209","感觉\n应该是这个吧？"
23140201,2,3,1402,0,0,0,4,0.0,4,0,"vo_minigame_1012_hint_210","这个答不出来吧？"
23140202,2,3,1402,0,0,0,10,0.0,10,0,"vo_minigame_1012_hint_211","莫名其妙的好好笑～"
23140203,2,3,1402,0,0,0,9,0.0,9,0,"vo_minigame_1012_hint_212","难度太魔鬼了～"
23150101,2,3,1501,20000,3001,0,0,0.0,0,0,"vo_minigame_1012_hint_213","给点提示！"
23150102,2,3,1501,20000,3001,0,2,0.0,2,0,"vo_minigame_1012_hint_214","帮帮人家～"
23150103,2,3,1501,20000,3001,0,3,0.0,3,0,"vo_minigame_1012_hint_215","来点提示！"
23150104,2,3,1501,3000,0,0,2,0.0,2,0,"vo_minigame_1012_hint_216","提示提示！"
23150105,2,3,1501,3000,0,0,8,0.0,8,0,"vo_minigame_1012_hint_217","救救我～"
23160101,2,3,1601,4,1,0,6,0.01,6,8,"vo_minigame_1012_tap_200","哇！\n吓我一跳！"
23160102,2,3,1601,4,1,0,3,0.01,3,11,"vo_minigame_1012_tap_201","哟哟！"
23160103,2,3,1601,9,5,0,2,0.01,2,4,"vo_minigame_1012_tap_202","耶！"
23160104,2,3,1601,9,5,0,7,0.0,7,0,"vo_minigame_1012_tap_203","兴奋起来了？"
23160105,2,3,1601,-1,10,0,2,0.0,2,0,"vo_minigame_1012_tap_204","好痒啊！"
23160106,2,3,1601,-1,10,0,3,0.01,3,11,"vo_minigame_1012_tap_205","超激动♪"
23200101,2,3,2001,0,0,0,0,0.0,0,0,"vo_minigame_1012_select_200","你会怎么教人家\n学习呢？"
23200102,2,3,2001,0,0,0,8,0.0,8,0,"vo_minigame_1012_select_201","每个看起来都好难啊。"
23200103,2,3,2001,0,0,0,0,0.99,7,0,"vo_minigame_1012_select_202","那个那个，数一二三，一起选吧？"
23400101,2,3,4001,0,0,0,2,3.43,3,0,"vo_minigame_1012_archive_200","回顾之前学过的内容，\n就是所谓的\n预习和复习……\n对吧！"