unit_id,notif_type,comment
100101,1,"やっほー！ギルドハウスのアイテムがぜんぶいっぱいだよ！…もしかして騎士くん、忙しいの？"
100101,2,"やっほー！ギルドハウスのアイテムがぜんぶいっぱいだよ！…もしかして騎士くん、忙しいの？"
100101,3,"やっほー！ギルドハウスのアイテムがぜんぶいっぱいだよ！…もしかして騎士くん、忙しいの？"
100101,4,"やっほー！ギルドハウスのアイテムがぜんぶいっぱいだよ！…もしかして騎士くん、忙しいの？"
100101,5,"やっほー！ギルドハウスのアイテムがぜんぶいっぱいだよ！…もしかして騎士くん、忙しいの？"
100101,6,"やっほー！ギルドハウスのアイテムがぜんぶいっぱいだよ！…もしかして騎士くん、忙しいの？"
100201,1,"騎士クン。ギルドハウスのアイテムがいっぱいになってるから…一緒に、受け取りに行かない？"
100201,2,"騎士クン。ギルドハウスのアイテムがいっぱいになってるから…一緒に、受け取りに行かない？"
100201,3,"騎士クン。ギルドハウスのアイテムがいっぱいになってるから…一緒に、受け取りに行かない？"
100201,4,"騎士クン。ギルドハウスのアイテムがいっぱいになってるから…一緒に、受け取りに行かない？"
100201,5,"騎士クン。ギルドハウスのアイテムがいっぱいになってるから…一緒に、受け取りに行かない？"
100201,6,"騎士クン。ギルドハウスのアイテムがいっぱいになってるから…一緒に、受け取りに行かない？"
100301,1,"ギルドハウスで受け取れるアイテムがすべていっぱいだよ。早めに受け取っておくこと。いいね？"
100301,2,"ギルドハウスで受け取れるアイテムがすべていっぱいだよ。早めに受け取っておくこと。いいね？"
100301,3,"ギルドハウスで受け取れるアイテムがすべていっぱいだよ。早めに受け取っておくこと。いいね？"
100301,4,"ギルドハウスで受け取れるアイテムがすべていっぱいだよ。早めに受け取っておくこと。いいね？"
100301,5,"ギルドハウスで受け取れるアイテムがすべていっぱいだよ。早めに受け取っておくこと。いいね？"
100301,6,"ギルドハウスで受け取れるアイテムがすべていっぱいだよ。早めに受け取っておくこと。いいね？"
100401,1,"ギルドハウスのアイテムがいっぱいだよ！早く受け取らないと、ミソギがもらっちゃうよ～♪"
100401,2,"ギルドハウスのアイテムがいっぱいだよ！早く受け取らないと、ミソギがもらっちゃうよ～♪"
100401,3,"ギルドハウスのアイテムがいっぱいだよ！早く受け取らないと、ミソギがもらっちゃうよ～♪"
100401,4,"ギルドハウスのアイテムがいっぱいだよ！早く受け取らないと、ミソギがもらっちゃうよ～♪"
100401,5,"ギルドハウスのアイテムがいっぱいだよ！早く受け取らないと、ミソギがもらっちゃうよ～♪"
100401,6,"ギルドハウスのアイテムがいっぱいだよ！早く受け取らないと、ミソギがもらっちゃうよ～♪"
100501,1,"ギルドハウスで受け取れるアイテムがいっぱいッスよ！回収して冒険の準備を整えるッス！"
100501,2,"ギルドハウスで受け取れるアイテムがいっぱいッスよ！回収して冒険の準備を整えるッス！"
100501,3,"ギルドハウスで受け取れるアイテムがいっぱいッスよ！回収して冒険の準備を整えるッス！"
100501,4,"ギルドハウスで受け取れるアイテムがいっぱいッスよ！回収して冒険の準備を整えるッス！"
100501,5,"ギルドハウスで受け取れるアイテムがいっぱいッスよ！回収して冒険の準備を整えるッス！"
100501,6,"ギルドハウスで受け取れるアイテムがいっぱいッスよ！回収して冒険の準備を整えるッス！"
100601,1,"お兄ちゃん、いっぱいたまってますよ。ギルドハウスで受け取れるアイテム全部が♪"
100601,2,"お兄ちゃん、いっぱいたまってますよ。ギルドハウスで受け取れるアイテム全部が♪"
100601,3,"お兄ちゃん、いっぱいたまってますよ。ギルドハウスで受け取れるアイテム全部が♪"
100601,4,"お兄ちゃん、いっぱいたまってますよ。ギルドハウスで受け取れるアイテム全部が♪"
100601,5,"お兄ちゃん、いっぱいたまってますよ。ギルドハウスで受け取れるアイテム全部が♪"
100601,6,"お兄ちゃん、いっぱいたまってますよ。ギルドハウスで受け取れるアイテム全部が♪"
100701,1,"ギルドハウスで貰えるアイテムがいっぱいになったの。とっとと受け取ってミヤコにプリンを献上するの！"
100701,2,"ギルドハウスで貰えるアイテムがいっぱいになったの。とっとと受け取ってミヤコにプリンを献上するの！"
100701,3,"ギルドハウスで貰えるアイテムがいっぱいになったの。とっとと受け取ってミヤコにプリンを献上するの！"
100701,4,"ギルドハウスで貰えるアイテムがいっぱいになったの。とっとと受け取ってミヤコにプリンを献上するの！"
100701,5,"ギルドハウスで貰えるアイテムがいっぱいになったの。とっとと受け取ってミヤコにプリンを献上するの！"
100701,6,"ギルドハウスで貰えるアイテムがいっぱいになったの。とっとと受け取ってミヤコにプリンを献上するの！"
100801,1,"ギルドハウスで受け取れるアイテムが、全部いっぱいのようだね。それ、全部ボクにくれるのかい？"
100801,2,"ギルドハウスで受け取れるアイテムが、全部いっぱいのようだね。それ、全部ボクにくれるのかい？"
100801,3,"ギルドハウスで受け取れるアイテムが、全部いっぱいのようだね。それ、全部ボクにくれるのかい？"
100801,4,"ギルドハウスで受け取れるアイテムが、全部いっぱいのようだね。それ、全部ボクにくれるのかい？"
100801,5,"ギルドハウスで受け取れるアイテムが、全部いっぱいのようだね。それ、全部ボクにくれるのかい？"
100801,6,"ギルドハウスで受け取れるアイテムが、全部いっぱいのようだね。それ、全部ボクにくれるのかい？"
100901,1,"ギルドハウスで受け取れるアイテムが限界まで貯まったな！貴様が受け取らないなら、私が頂くぞ？"
100901,2,"ギルドハウスで受け取れるアイテムが限界まで貯まったな！貴様が受け取らないなら、私が頂くぞ？"
100901,3,"ギルドハウスで受け取れるアイテムが限界まで貯まったな！貴様が受け取らないなら、私が頂くぞ？"
100901,4,"ギルドハウスで受け取れるアイテムが限界まで貯まったな！貴様が受け取らないなら、私が頂くぞ？"
100901,5,"ギルドハウスで受け取れるアイテムが限界まで貯まったな！貴様が受け取らないなら、私が頂くぞ？"
100901,6,"ギルドハウスで受け取れるアイテムが限界まで貯まったな！貴様が受け取らないなら、私が頂くぞ？"
101001,1,"ギルドハウスで受け取れるアイテムが、全部いっぱいどす。王子はんは、はんなりしてはるねぇ♪"
101001,2,"ギルドハウスで受け取れるアイテムが、全部いっぱいどす。王子はんは、はんなりしてはるねぇ♪"
101001,3,"ギルドハウスで受け取れるアイテムが、全部いっぱいどす。王子はんは、はんなりしてはるねぇ♪"
101001,4,"ギルドハウスで受け取れるアイテムが、全部いっぱいどす。王子はんは、はんなりしてはるねぇ♪"
101001,5,"ギルドハウスで受け取れるアイテムが、全部いっぱいどす。王子はんは、はんなりしてはるねぇ♪"
101001,6,"ギルドハウスで受け取れるアイテムが、全部いっぱいどす。王子はんは、はんなりしてはるねぇ♪"
101101,1,"ギルドハウスで受け取れるアイテムがいっぱい！このままだと、宝のお餅が腐っちゃいますよ！"
101101,2,"ギルドハウスで受け取れるアイテムがいっぱい！このままだと、宝のお餅が腐っちゃいますよ！"
101101,3,"ギルドハウスで受け取れるアイテムがいっぱい！このままだと、宝のお餅が腐っちゃいますよ！"
101101,4,"ギルドハウスで受け取れるアイテムがいっぱい！このままだと、宝のお餅が腐っちゃいますよ！"
101101,5,"ギルドハウスで受け取れるアイテムがいっぱい！このままだと、宝のお餅が腐っちゃいますよ！"
101101,6,"ギルドハウスで受け取れるアイテムがいっぱい！このままだと、宝のお餅が腐っちゃいますよ！"
101201,1,"スヤスヤ…ギルドハウスのアイテム…ぜんぶ…いっぱい…ぐぅ"
101201,2,"スヤスヤ…ギルドハウスのアイテム…ぜんぶ…いっぱい…ぐぅ"
101201,3,"スヤスヤ…ギルドハウスのアイテム…ぜんぶ…いっぱい…ぐぅ"
101201,4,"スヤスヤ…ギルドハウスのアイテム…ぜんぶ…いっぱい…ぐぅ"
101201,5,"スヤスヤ…ギルドハウスのアイテム…ぜんぶ…いっぱい…ぐぅ"
101201,6,"スヤスヤ…ギルドハウスのアイテム…ぜんぶ…いっぱい…ぐぅ"
101301,1,"ギルドハウスで貰えるアイテムがいっぱいだってさ！アイテムはよ！はよ受け取ってクレメンス！"
101301,2,"ギルドハウスで貰えるアイテムがいっぱいだってさ！アイテムはよ！はよ受け取ってクレメンス！"
101301,3,"ギルドハウスで貰えるアイテムがいっぱいだってさ！アイテムはよ！はよ受け取ってクレメンス！"
101301,4,"ギルドハウスで貰えるアイテムがいっぱいだってさ！アイテムはよ！はよ受け取ってクレメンス！"
101301,5,"ギルドハウスで貰えるアイテムがいっぱいだってさ！アイテムはよ！はよ受け取ってクレメンス！"
101301,6,"ギルドハウスで貰えるアイテムがいっぱいだってさ！アイテムはよ！はよ受け取ってクレメンス！"
101401,1,"ギルドハウスで受け取れるアイテムが、すべていっぱいになったみたいだよ。これで推理が捗るね！"
101401,2,"ギルドハウスで受け取れるアイテムが、すべていっぱいになったみたいだよ。これで推理が捗るね！"
101401,3,"ギルドハウスで受け取れるアイテムが、すべていっぱいになったみたいだよ。これで推理が捗るね！"
101401,4,"ギルドハウスで受け取れるアイテムが、すべていっぱいになったみたいだよ。これで推理が捗るね！"
101401,5,"ギルドハウスで受け取れるアイテムが、すべていっぱいになったみたいだよ。これで推理が捗るね！"
101401,6,"ギルドハウスで受け取れるアイテムが、すべていっぱいになったみたいだよ。これで推理が捗るね！"
101501,1,"ギルドハウスで受け取れるアイテムがぜーんぶ貯まったみたいね～。忘れずに回収しましょうね～"
101501,2,"ギルドハウスで受け取れるアイテムがぜーんぶ貯まったみたいね～。忘れずに回収しましょうね～"
101501,3,"ギルドハウスで受け取れるアイテムがぜーんぶ貯まったみたいね～。忘れずに回収しましょうね～"
101501,4,"ギルドハウスで受け取れるアイテムがぜーんぶ貯まったみたいね～。忘れずに回収しましょうね～"
101501,5,"ギルドハウスで受け取れるアイテムがぜーんぶ貯まったみたいね～。忘れずに回収しましょうね～"
101501,6,"ギルドハウスで受け取れるアイテムがぜーんぶ貯まったみたいね～。忘れずに回収しましょうね～"
101601,1,"ギルドハウスで受け取れるアイテムが、全部いっぱいだよ！さー！派手にアゲて、冒険しちゃおうよ！"
101601,2,"ギルドハウスで受け取れるアイテムが、全部いっぱいだよ！さー！派手にアゲて、冒険しちゃおうよ！"
101601,3,"ギルドハウスで受け取れるアイテムが、全部いっぱいだよ！さー！派手にアゲて、冒険しちゃおうよ！"
101601,4,"ギルドハウスで受け取れるアイテムが、全部いっぱいだよ！さー！派手にアゲて、冒険しちゃおうよ！"
101601,5,"ギルドハウスで受け取れるアイテムが、全部いっぱいだよ！さー！派手にアゲて、冒険しちゃおうよ！"
101601,6,"ギルドハウスで受け取れるアイテムが、全部いっぱいだよ！さー！派手にアゲて、冒険しちゃおうよ！"
101701,1,"ギルドハウスで受け取れるアイテムが、すべていっぱいさ～。受け取るの手伝うよ～？"
101701,2,"ギルドハウスで受け取れるアイテムが、すべていっぱいさ～。受け取るの手伝うよ～？"
101701,3,"ギルドハウスで受け取れるアイテムが、すべていっぱいさ～。受け取るの手伝うよ～？"
101701,4,"ギルドハウスで受け取れるアイテムが、すべていっぱいさ～。受け取るの手伝うよ～？"
101701,5,"ギルドハウスで受け取れるアイテムが、すべていっぱいさ～。受け取るの手伝うよ～？"
101701,6,"ギルドハウスで受け取れるアイテムが、すべていっぱいさ～。受け取るの手伝うよ～？"
101801,1,"ギルドハウスで受け取れるアイテムが、全部いっぱいよ。万全な状態で、お勉強がんばりましょう♪"
101801,2,"ギルドハウスで受け取れるアイテムが、全部いっぱいよ。万全な状態で、お勉強がんばりましょう♪"
101801,3,"ギルドハウスで受け取れるアイテムが、全部いっぱいよ。万全な状態で、お勉強がんばりましょう♪"
101801,4,"ギルドハウスで受け取れるアイテムが、全部いっぱいよ。万全な状態で、お勉強がんばりましょう♪"
101801,5,"ギルドハウスで受け取れるアイテムが、全部いっぱいよ。万全な状態で、お勉強がんばりましょう♪"
101801,6,"ギルドハウスで受け取れるアイテムが、全部いっぱいよ。万全な状態で、お勉強がんばりましょう♪"
102001,1,"ギルドハウスのアイテムがぜんぶもらえるよ～。すごーい、ミミもほしいな～"
102001,2,"ギルドハウスのアイテムがぜんぶもらえるよ～。すごーい、ミミもほしいな～"
102001,3,"ギルドハウスのアイテムがぜんぶもらえるよ～。すごーい、ミミもほしいな～"
102001,4,"ギルドハウスのアイテムがぜんぶもらえるよ～。すごーい、ミミもほしいな～"
102001,5,"ギルドハウスのアイテムがぜんぶもらえるよ～。すごーい、ミミもほしいな～"
102001,6,"ギルドハウスのアイテムがぜんぶもらえるよ～。すごーい、ミミもほしいな～"
102101,1,"ギルドハウスで受け取れるアイテムが、全部いっぱいですぅ……お兄ちゃん、人気者ですね…♪"
102101,2,"ギルドハウスで受け取れるアイテムが、全部いっぱいですぅ……お兄ちゃん、人気者ですね…♪"
102101,3,"ギルドハウスで受け取れるアイテムが、全部いっぱいですぅ……お兄ちゃん、人気者ですね…♪"
102101,4,"ギルドハウスで受け取れるアイテムが、全部いっぱいですぅ……お兄ちゃん、人気者ですね…♪"
102101,5,"ギルドハウスで受け取れるアイテムが、全部いっぱいですぅ……お兄ちゃん、人気者ですね…♪"
102101,6,"ギルドハウスで受け取れるアイテムが、全部いっぱいですぅ……お兄ちゃん、人気者ですね…♪"
102201,1,"ギルドハウスで受け取れるアイテムがいっぱいよ！全部受け取って、冒険の役に立てましょう！"
102201,2,"ギルドハウスで受け取れるアイテムがいっぱいよ！全部受け取って、冒険の役に立てましょう！"
102201,3,"ギルドハウスで受け取れるアイテムがいっぱいよ！全部受け取って、冒険の役に立てましょう！"
102201,4,"ギルドハウスで受け取れるアイテムがいっぱいよ！全部受け取って、冒険の役に立てましょう！"
102201,5,"ギルドハウスで受け取れるアイテムがいっぱいよ！全部受け取って、冒険の役に立てましょう！"
102201,6,"ギルドハウスで受け取れるアイテムがいっぱいよ！全部受け取って、冒険の役に立てましょう！"
102301,1,"ギルドハウスで受け取れるアイテムが、全部いっぱいだって。贈り物が沢山あっていいなー！"
102301,2,"ギルドハウスで受け取れるアイテムが、全部いっぱいだって。贈り物が沢山あっていいなー！"
102301,3,"ギルドハウスで受け取れるアイテムが、全部いっぱいだって。贈り物が沢山あっていいなー！"
102301,4,"ギルドハウスで受け取れるアイテムが、全部いっぱいだって。贈り物が沢山あっていいなー！"
102301,5,"ギルドハウスで受け取れるアイテムが、全部いっぱいだって。贈り物が沢山あっていいなー！"
102301,6,"ギルドハウスで受け取れるアイテムが、全部いっぱいだって。贈り物が沢山あっていいなー！"
102501,1,"ギルドハウスで受け取れるアイテムがいっぱいですね。私が受け取って…はわっ、て、手がすべっ！"
102501,2,"ギルドハウスで受け取れるアイテムがいっぱいですね。私が受け取って…はわっ、て、手がすべっ！"
102501,3,"ギルドハウスで受け取れるアイテムがいっぱいですね。私が受け取って…はわっ、て、手がすべっ！"
102501,4,"ギルドハウスで受け取れるアイテムがいっぱいですね。私が受け取って…はわっ、て、手がすべっ！"
102501,5,"ギルドハウスで受け取れるアイテムがいっぱいですね。私が受け取って…はわっ、て、手がすべっ！"
102501,6,"ギルドハウスで受け取れるアイテムがいっぱいですね。私が受け取って…はわっ、て、手がすべっ！"
102601,1,"ギルドハウスで受け取れるアイテムが、すべていっぱいになりました…ふぅ、お知らせだけで疲れた"
102601,2,"ギルドハウスで受け取れるアイテムが、すべていっぱいになりました…ふぅ、お知らせだけで疲れた"
102601,3,"ギルドハウスで受け取れるアイテムが、すべていっぱいになりました…ふぅ、お知らせだけで疲れた"
102601,4,"ギルドハウスで受け取れるアイテムが、すべていっぱいになりました…ふぅ、お知らせだけで疲れた"
102601,5,"ギルドハウスで受け取れるアイテムが、すべていっぱいになりました…ふぅ、お知らせだけで疲れた"
102601,6,"ギルドハウスで受け取れるアイテムが、すべていっぱいになりました…ふぅ、お知らせだけで疲れた"
102701,1,"ギルドハウスのアイテムが全部いっぱい…あなた様のものは私のもの、あなた様も私のものですわ♪"
102701,2,"ギルドハウスのアイテムが全部いっぱい…あなた様のものは私のもの、あなた様も私のものですわ♪"
102701,3,"ギルドハウスのアイテムが全部いっぱい…あなた様のものは私のもの、あなた様も私のものですわ♪"
102701,4,"ギルドハウスのアイテムが全部いっぱい…あなた様のものは私のもの、あなた様も私のものですわ♪"
102701,5,"ギルドハウスのアイテムが全部いっぱい…あなた様のものは私のもの、あなた様も私のものですわ♪"
102701,6,"ギルドハウスのアイテムが全部いっぱい…あなた様のものは私のもの、あなた様も私のものですわ♪"
102801,1,"ギルドハウスで受け取れるアイテムが全部いっぱいね。こういうのサボると後で大変よ？"
102801,2,"ギルドハウスで受け取れるアイテムが全部いっぱいね。こういうのサボると後で大変よ？"
102801,3,"ギルドハウスで受け取れるアイテムが全部いっぱいね。こういうのサボると後で大変よ？"
102801,4,"ギルドハウスで受け取れるアイテムが全部いっぱいね。こういうのサボると後で大変よ？"
102801,5,"ギルドハウスで受け取れるアイテムが全部いっぱいね。こういうのサボると後で大変よ？"
102801,6,"ギルドハウスで受け取れるアイテムが全部いっぱいね。こういうのサボると後で大変よ？"
102901,1,"ギルドハウスで受け取れるアイテムが、全部いっぱいだね。沢山の贈り物。アイドルみたいだね♪"
102901,2,"ギルドハウスで受け取れるアイテムが、全部いっぱいだね。沢山の贈り物。アイドルみたいだね♪"
102901,3,"ギルドハウスで受け取れるアイテムが、全部いっぱいだね。沢山の贈り物。アイドルみたいだね♪"
102901,4,"ギルドハウスで受け取れるアイテムが、全部いっぱいだね。沢山の贈り物。アイドルみたいだね♪"
102901,5,"ギルドハウスで受け取れるアイテムが、全部いっぱいだね。沢山の贈り物。アイドルみたいだね♪"
102901,6,"ギルドハウスで受け取れるアイテムが、全部いっぱいだね。沢山の贈り物。アイドルみたいだね♪"
103001,1,"ギルドハウスで受け取れるアイテムが、すべていっぱいデス！全部、天下統一に必要なものデス！"
103001,2,"ギルドハウスで受け取れるアイテムが、すべていっぱいデス！全部、天下統一に必要なものデス！"
103001,3,"ギルドハウスで受け取れるアイテムが、すべていっぱいデス！全部、天下統一に必要なものデス！"
103001,4,"ギルドハウスで受け取れるアイテムが、すべていっぱいデス！全部、天下統一に必要なものデス！"
103001,5,"ギルドハウスで受け取れるアイテムが、すべていっぱいデス！全部、天下統一に必要なものデス！"
103001,6,"ギルドハウスで受け取れるアイテムが、すべていっぱいデス！全部、天下統一に必要なものデス！"
103101,1,"私の占いによると、ギルドハウスで受け取れるアイテムが、すべていっぱいになったみたいです…"
103101,2,"私の占いによると、ギルドハウスで受け取れるアイテムが、すべていっぱいになったみたいです…"
103101,3,"私の占いによると、ギルドハウスで受け取れるアイテムが、すべていっぱいになったみたいです…"
103101,4,"私の占いによると、ギルドハウスで受け取れるアイテムが、すべていっぱいになったみたいです…"
103101,5,"私の占いによると、ギルドハウスで受け取れるアイテムが、すべていっぱいになったみたいです…"
103101,6,"私の占いによると、ギルドハウスで受け取れるアイテムが、すべていっぱいになったみたいです…"
103201,1,"ギルドハウスで受け取れるアイテムが、全部いっぱいですわね。あら、執事はいませんの？"
103201,2,"ギルドハウスで受け取れるアイテムが、全部いっぱいですわね。あら、執事はいませんの？"
103201,3,"ギルドハウスで受け取れるアイテムが、全部いっぱいですわね。あら、執事はいませんの？"
103201,4,"ギルドハウスで受け取れるアイテムが、全部いっぱいですわね。あら、執事はいませんの？"
103201,5,"ギルドハウスで受け取れるアイテムが、全部いっぱいですわね。あら、執事はいませんの？"
103201,6,"ギルドハウスで受け取れるアイテムが、全部いっぱいですわね。あら、執事はいませんの？"
103301,1,"ギルドハウスで受け取れるアイテムが、すべていっぱいだべな。何かお笑いに使えるべか？"
103301,2,"ギルドハウスで受け取れるアイテムが、すべていっぱいだべな。何かお笑いに使えるべか？"
103301,3,"ギルドハウスで受け取れるアイテムが、すべていっぱいだべな。何かお笑いに使えるべか？"
103301,4,"ギルドハウスで受け取れるアイテムが、すべていっぱいだべな。何かお笑いに使えるべか？"
103301,5,"ギルドハウスで受け取れるアイテムが、すべていっぱいだべな。何かお笑いに使えるべか？"
103301,6,"ギルドハウスで受け取れるアイテムが、すべていっぱいだべな。何かお笑いに使えるべか？"
103401,1,"ギルドハウスで受け取れるアイテムが、すべていっぱいね。わ、私もプレゼント欲しいなぁ…？"
103401,2,"ギルドハウスで受け取れるアイテムが、すべていっぱいね。わ、私もプレゼント欲しいなぁ…？"
103401,3,"ギルドハウスで受け取れるアイテムが、すべていっぱいね。わ、私もプレゼント欲しいなぁ…？"
103401,4,"ギルドハウスで受け取れるアイテムが、すべていっぱいね。わ、私もプレゼント欲しいなぁ…？"
103401,5,"ギルドハウスで受け取れるアイテムが、すべていっぱいね。わ、私もプレゼント欲しいなぁ…？"
103401,6,"ギルドハウスで受け取れるアイテムが、すべていっぱいね。わ、私もプレゼント欲しいなぁ…？"
103601,1,"ギルドハウスで貰えるアイテムがいっぱいです。こんなに貯めて…ちゃんと回収してくださいね？"
103601,2,"ギルドハウスで貰えるアイテムがいっぱいです。こんなに貯めて…ちゃんと回収してくださいね？"
103601,3,"ギルドハウスで貰えるアイテムがいっぱいです。こんなに貯めて…ちゃんと回収してくださいね？"
103601,4,"ギルドハウスで貰えるアイテムがいっぱいです。こんなに貯めて…ちゃんと回収してくださいね？"
103601,5,"ギルドハウスで貰えるアイテムがいっぱいです。こんなに貯めて…ちゃんと回収してくださいね？"
103601,6,"ギルドハウスで貰えるアイテムがいっぱいです。こんなに貯めて…ちゃんと回収してくださいね？"
103701,1,"ギルドハウスで受け取れるアイテムが、全部いっぱいだね。仕方ないな。待ってるから早く来てね？"
103701,2,"ギルドハウスで受け取れるアイテムが、全部いっぱいだね。仕方ないな。待ってるから早く来てね？"
103701,3,"ギルドハウスで受け取れるアイテムが、全部いっぱいだね。仕方ないな。待ってるから早く来てね？"
103701,4,"ギルドハウスで受け取れるアイテムが、全部いっぱいだね。仕方ないな。待ってるから早く来てね？"
103701,5,"ギルドハウスで受け取れるアイテムが、全部いっぱいだね。仕方ないな。待ってるから早く来てね？"
103701,6,"ギルドハウスで受け取れるアイテムが、全部いっぱいだね。仕方ないな。待ってるから早く来てね？"
103801,1,"ギルドハウスで貰えるアイテムがいっぱいになりました。受け取ったら、一緒に読書をしましょう"
103801,2,"ギルドハウスで貰えるアイテムがいっぱいになりました。受け取ったら、一緒に読書をしましょう"
103801,3,"ギルドハウスで貰えるアイテムがいっぱいになりました。受け取ったら、一緒に読書をしましょう"
103801,4,"ギルドハウスで貰えるアイテムがいっぱいになりました。受け取ったら、一緒に読書をしましょう"
103801,5,"ギルドハウスで貰えるアイテムがいっぱいになりました。受け取ったら、一緒に読書をしましょう"
103801,6,"ギルドハウスで貰えるアイテムがいっぱいになりました。受け取ったら、一緒に読書をしましょう"
104001,1,"ギルドハウスで受け取れるアイテムが、すべていっぱいです。沢山の贈り物、羨ましいです…！"
104001,2,"ギルドハウスで受け取れるアイテムが、すべていっぱいです。沢山の贈り物、羨ましいです…！"
104001,3,"ギルドハウスで受け取れるアイテムが、すべていっぱいです。沢山の贈り物、羨ましいです…！"
104001,4,"ギルドハウスで受け取れるアイテムが、すべていっぱいです。沢山の贈り物、羨ましいです…！"
104001,5,"ギルドハウスで受け取れるアイテムが、すべていっぱいです。沢山の贈り物、羨ましいです…！"
104001,6,"ギルドハウスで受け取れるアイテムが、すべていっぱいです。沢山の贈り物、羨ましいです…！"
104201,1,"ギルドハウスで受け取れるアイテムが、すべていっぱいになりました。歌で伝えるべきでしょうか？"
104201,2,"ギルドハウスで受け取れるアイテムが、すべていっぱいになりました。歌で伝えるべきでしょうか？"
104201,3,"ギルドハウスで受け取れるアイテムが、すべていっぱいになりました。歌で伝えるべきでしょうか？"
104201,4,"ギルドハウスで受け取れるアイテムが、すべていっぱいになりました。歌で伝えるべきでしょうか？"
104201,5,"ギルドハウスで受け取れるアイテムが、すべていっぱいになりました。歌で伝えるべきでしょうか？"
104201,6,"ギルドハウスで受け取れるアイテムが、すべていっぱいになりました。歌で伝えるべきでしょうか？"
104301,1,"ギルドハウスで受け取れるアイテムが、全部いっぱいだとさ。戦闘に役立つものもありそうだぜ？"
104301,2,"ギルドハウスで受け取れるアイテムが、全部いっぱいだとさ。戦闘に役立つものもありそうだぜ？"
104301,3,"ギルドハウスで受け取れるアイテムが、全部いっぱいだとさ。戦闘に役立つものもありそうだぜ？"
104301,4,"ギルドハウスで受け取れるアイテムが、全部いっぱいだとさ。戦闘に役立つものもありそうだぜ？"
104301,5,"ギルドハウスで受け取れるアイテムが、全部いっぱいだとさ。戦闘に役立つものもありそうだぜ？"
104301,6,"ギルドハウスで受け取れるアイテムが、全部いっぱいだとさ。戦闘に役立つものもありそうだぜ？"
104401,1,"ギルドハウスのアイテムがいっぱいじゃな。全てわらわへの献上品にしてもよいのじゃぞ？"
104401,2,"ギルドハウスのアイテムがいっぱいじゃな。全てわらわへの献上品にしてもよいのじゃぞ？"
104401,3,"ギルドハウスのアイテムがいっぱいじゃな。全てわらわへの献上品にしてもよいのじゃぞ？"
104401,4,"ギルドハウスのアイテムがいっぱいじゃな。全てわらわへの献上品にしてもよいのじゃぞ？"
104401,5,"ギルドハウスのアイテムがいっぱいじゃな。全てわらわへの献上品にしてもよいのじゃぞ？"
104401,6,"ギルドハウスのアイテムがいっぱいじゃな。全てわらわへの献上品にしてもよいのじゃぞ？"
104501,1,"ギルドハウスのアイテムがいっぱいです…これらを使って、クウカにどんな辱めを…じゅるり…"
104501,2,"ギルドハウスのアイテムがいっぱいです…これらを使って、クウカにどんな辱めを…じゅるり…"
104501,3,"ギルドハウスのアイテムがいっぱいです…これらを使って、クウカにどんな辱めを…じゅるり…"
104501,4,"ギルドハウスのアイテムがいっぱいです…これらを使って、クウカにどんな辱めを…じゅるり…"
104501,5,"ギルドハウスのアイテムがいっぱいです…これらを使って、クウカにどんな辱めを…じゅるり…"
104501,6,"ギルドハウスのアイテムがいっぱいです…これらを使って、クウカにどんな辱めを…じゅるり…"
104601,1,"ギルドハウスで受け取れるアイテムがいっぱいみたいにゃ。早く受け取らないともったいないにゃ"
104601,2,"ギルドハウスで受け取れるアイテムがいっぱいみたいにゃ。早く受け取らないともったいないにゃ"
104601,3,"ギルドハウスで受け取れるアイテムがいっぱいみたいにゃ。早く受け取らないともったいないにゃ"
104601,4,"ギルドハウスで受け取れるアイテムがいっぱいみたいにゃ。早く受け取らないともったいないにゃ"
104601,5,"ギルドハウスで受け取れるアイテムがいっぱいみたいにゃ。早く受け取らないともったいないにゃ"
104601,6,"ギルドハウスで受け取れるアイテムがいっぱいみたいにゃ。早く受け取らないともったいないにゃ"
104701,1,"ギルドハウスで受け取れるアイテムが、すべていっぱいだ。君が取りに来るまで見張っていよう。"
104701,2,"ギルドハウスで受け取れるアイテムが、すべていっぱいだ。君が取りに来るまで見張っていよう。"
104701,3,"ギルドハウスで受け取れるアイテムが、すべていっぱいだ。君が取りに来るまで見張っていよう。"
104701,4,"ギルドハウスで受け取れるアイテムが、すべていっぱいだ。君が取りに来るまで見張っていよう。"
104701,5,"ギルドハウスで受け取れるアイテムが、すべていっぱいだ。君が取りに来るまで見張っていよう。"
104701,6,"ギルドハウスで受け取れるアイテムが、すべていっぱいだ。君が取りに来るまで見張っていよう。"
104801,1,"ギルドハウスで受け取れるアイテムが、すべていっぱいになったわ。効率アップに役立てましょう！"
104801,2,"ギルドハウスで受け取れるアイテムが、すべていっぱいになったわ。効率アップに役立てましょう！"
104801,3,"ギルドハウスで受け取れるアイテムが、すべていっぱいになったわ。効率アップに役立てましょう！"
104801,4,"ギルドハウスで受け取れるアイテムが、すべていっぱいになったわ。効率アップに役立てましょう！"
104801,5,"ギルドハウスで受け取れるアイテムが、すべていっぱいになったわ。効率アップに役立てましょう！"
104801,6,"ギルドハウスで受け取れるアイテムが、すべていっぱいになったわ。効率アップに役立てましょう！"
104901,1,"ギルドハウスのアイテムがいっぱい！これ全部弟くんのもの！もちろんお姉ちゃんも弟くんのだよ！"
104901,2,"ギルドハウスのアイテムがいっぱい！これ全部弟くんのもの！もちろんお姉ちゃんも弟くんのだよ！"
104901,3,"ギルドハウスのアイテムがいっぱい！これ全部弟くんのもの！もちろんお姉ちゃんも弟くんのだよ！"
104901,4,"ギルドハウスのアイテムがいっぱい！これ全部弟くんのもの！もちろんお姉ちゃんも弟くんのだよ！"
104901,5,"ギルドハウスのアイテムがいっぱい！これ全部弟くんのもの！もちろんお姉ちゃんも弟くんのだよ！"
104901,6,"ギルドハウスのアイテムがいっぱい！これ全部弟くんのもの！もちろんお姉ちゃんも弟くんのだよ！"
105001,1,"ギルドハウスのアイテムがぜんぶ貯まってるって！アタシが教えないと忘れてたでしょ？ドジね～"
105001,2,"ギルドハウスのアイテムがぜんぶ貯まってるって！アタシが教えないと忘れてたでしょ？ドジね～"
105001,3,"ギルドハウスのアイテムがぜんぶ貯まってるって！アタシが教えないと忘れてたでしょ？ドジね～"
105001,4,"ギルドハウスのアイテムがぜんぶ貯まってるって！アタシが教えないと忘れてたでしょ？ドジね～"
105001,5,"ギルドハウスのアイテムがぜんぶ貯まってるって！アタシが教えないと忘れてたでしょ？ドジね～"
105001,6,"ギルドハウスのアイテムがぜんぶ貯まってるって！アタシが教えないと忘れてたでしょ？ドジね～"
105101,1,"ギルドハウスで貰えるアイテムが全部いっぱいだわ。…ひょっとしてキミ、焦らすのが好きなの？"
105101,2,"ギルドハウスで貰えるアイテムが全部いっぱいだわ。…ひょっとしてキミ、焦らすのが好きなの？"
105101,3,"ギルドハウスで貰えるアイテムが全部いっぱいだわ。…ひょっとしてキミ、焦らすのが好きなの？"
105101,4,"ギルドハウスで貰えるアイテムが全部いっぱいだわ。…ひょっとしてキミ、焦らすのが好きなの？"
105101,5,"ギルドハウスで貰えるアイテムが全部いっぱいだわ。…ひょっとしてキミ、焦らすのが好きなの？"
105101,6,"ギルドハウスで貰えるアイテムが全部いっぱいだわ。…ひょっとしてキミ、焦らすのが好きなの？"
105201,1,"ギルドハウスで受け取れるアイテムが、全部いっぱい！人気者でいいわね♪　"
105201,2,"ギルドハウスで受け取れるアイテムが、全部いっぱい！人気者でいいわね♪　"
105201,3,"ギルドハウスで受け取れるアイテムが、全部いっぱい！人気者でいいわね♪　"
105201,4,"ギルドハウスで受け取れるアイテムが、全部いっぱい！人気者でいいわね♪　"
105201,5,"ギルドハウスで受け取れるアイテムが、全部いっぱい！人気者でいいわね♪　"
105201,6,"ギルドハウスで受け取れるアイテムが、全部いっぱい！人気者でいいわね♪　"
105301,1,"ギルドハウスで受け取れるアイテムが、すべていっぱいだな。使えそうなものが沢山あるぞ？"
105301,2,"ギルドハウスで受け取れるアイテムが、すべていっぱいだな。使えそうなものが沢山あるぞ？"
105301,3,"ギルドハウスで受け取れるアイテムが、すべていっぱいだな。使えそうなものが沢山あるぞ？"
105301,4,"ギルドハウスで受け取れるアイテムが、すべていっぱいだな。使えそうなものが沢山あるぞ？"
105301,5,"ギルドハウスで受け取れるアイテムが、すべていっぱいだな。使えそうなものが沢山あるぞ？"
105301,6,"ギルドハウスで受け取れるアイテムが、すべていっぱいだな。使えそうなものが沢山あるぞ？"
105401,1,"ギルドハウスで受け取れるアイテム、すべていっぱいになりました！騎士さーん？聞いてますかー？"
105401,2,"ギルドハウスで受け取れるアイテム、すべていっぱいになりました！騎士さーん？聞いてますかー？"
105401,3,"ギルドハウスで受け取れるアイテム、すべていっぱいになりました！騎士さーん？聞いてますかー？"
105401,4,"ギルドハウスで受け取れるアイテム、すべていっぱいになりました！騎士さーん？聞いてますかー？"
105401,5,"ギルドハウスで受け取れるアイテム、すべていっぱいになりました！騎士さーん？聞いてますかー？"
105401,6,"ギルドハウスで受け取れるアイテム、すべていっぱいになりました！騎士さーん？聞いてますかー？"
105501,1,"ギルドハウスで受け取れるアイテムが、すべていっぱいですね…私、ずっと観察してました"
105501,2,"ギルドハウスで受け取れるアイテムが、すべていっぱいですね…私、ずっと観察してました"
105501,3,"ギルドハウスで受け取れるアイテムが、すべていっぱいですね…私、ずっと観察してました"
105501,4,"ギルドハウスで受け取れるアイテムが、すべていっぱいですね…私、ずっと観察してました"
105501,5,"ギルドハウスで受け取れるアイテムが、すべていっぱいですね…私、ずっと観察してました"
105501,6,"ギルドハウスで受け取れるアイテムが、すべていっぱいですね…私、ずっと観察してました"
105601,1,"お前さん。ギルドハウスで受け取れるアイテムがいっぱいだ。時々はパーッと景気よく使うんだよ"
105601,2,"お前さん。ギルドハウスで受け取れるアイテムがいっぱいだ。時々はパーッと景気よく使うんだよ"
105601,3,"お前さん。ギルドハウスで受け取れるアイテムがいっぱいだ。時々はパーッと景気よく使うんだよ"
105601,4,"お前さん。ギルドハウスで受け取れるアイテムがいっぱいだ。時々はパーッと景気よく使うんだよ"
105601,5,"お前さん。ギルドハウスで受け取れるアイテムがいっぱいだ。時々はパーッと景気よく使うんだよ"
105601,6,"お前さん。ギルドハウスで受け取れるアイテムがいっぱいだ。時々はパーッと景気よく使うんだよ"
105701,1,"ギルドハウスで受け取れるアイテムがいっぱいだよ！色んな物があるけど、全部大切に使おうね！"
105701,2,"ギルドハウスで受け取れるアイテムがいっぱいだよ！色んな物があるけど、全部大切に使おうね！"
105701,3,"ギルドハウスで受け取れるアイテムがいっぱいだよ！色んな物があるけど、全部大切に使おうね！"
105701,4,"ギルドハウスで受け取れるアイテムがいっぱいだよ！色んな物があるけど、全部大切に使おうね！"
105701,5,"ギルドハウスで受け取れるアイテムがいっぱいだよ！色んな物があるけど、全部大切に使おうね！"
105701,6,"ギルドハウスで受け取れるアイテムがいっぱいだよ！色んな物があるけど、全部大切に使おうね！"
105801,1,"ギルドハウスで受け取れるアイテムが、すべていっぱいですね！食べ物は入ってませんか！？"
105801,2,"ギルドハウスで受け取れるアイテムが、すべていっぱいですね！食べ物は入ってませんか！？"
105801,3,"ギルドハウスで受け取れるアイテムが、すべていっぱいですね！食べ物は入ってませんか！？"
105801,4,"ギルドハウスで受け取れるアイテムが、すべていっぱいですね！食べ物は入ってませんか！？"
105801,5,"ギルドハウスで受け取れるアイテムが、すべていっぱいですね！食べ物は入ってませんか！？"
105801,6,"ギルドハウスで受け取れるアイテムが、すべていっぱいですね！食べ物は入ってませんか！？"
105901,1,"ギルドハウスで受け取れるアイテムが全部いっぱいです。沢山、頑張られたのですね、主さま。"
105901,2,"ギルドハウスで受け取れるアイテムが全部いっぱいです。沢山、頑張られたのですね、主さま。"
105901,3,"ギルドハウスで受け取れるアイテムが全部いっぱいです。沢山、頑張られたのですね、主さま。"
105901,4,"ギルドハウスで受け取れるアイテムが全部いっぱいです。沢山、頑張られたのですね、主さま。"
105901,5,"ギルドハウスで受け取れるアイテムが全部いっぱいです。沢山、頑張られたのですね、主さま。"
105901,6,"ギルドハウスで受け取れるアイテムが全部いっぱいです。沢山、頑張られたのですね、主さま。"
106001,1,"ギルドハウスで受け取れるアイテムが、全部いっぱいね。受け取ったら、冒険の準備をしなさいよ！"
106001,2,"ギルドハウスで受け取れるアイテムが、全部いっぱいね。受け取ったら、冒険の準備をしなさいよ！"
106001,3,"ギルドハウスで受け取れるアイテムが、全部いっぱいね。受け取ったら、冒険の準備をしなさいよ！"
106001,4,"ギルドハウスで受け取れるアイテムが、全部いっぱいね。受け取ったら、冒険の準備をしなさいよ！"
106001,5,"ギルドハウスで受け取れるアイテムが、全部いっぱいね。受け取ったら、冒険の準備をしなさいよ！"
106001,6,"ギルドハウスで受け取れるアイテムが、全部いっぱいね。受け取ったら、冒険の準備をしなさいよ！"
106101,1,"ギルドハウスで受け取れるアイテムがいっぱいだぞ！　忙しいならアタシがもらっといてやるよ！　…ちゃんと渡すにきまってるだろ！"
106101,2,"ギルドハウスで受け取れるアイテムがいっぱいだぞ！　忙しいならアタシがもらっといてやるよ！　…ちゃんと渡すにきまってるだろ！"
106101,3,"ギルドハウスで受け取れるアイテムがいっぱいだぞ！　忙しいならアタシがもらっといてやるよ！　…ちゃんと渡すにきまってるだろ！"
106101,4,"ギルドハウスで受け取れるアイテムがいっぱいだぞ！　忙しいならアタシがもらっといてやるよ！　…ちゃんと渡すにきまってるだろ！"
106101,5,"ギルドハウスで受け取れるアイテムがいっぱいだぞ！　忙しいならアタシがもらっといてやるよ！　…ちゃんと渡すにきまってるだろ！"
106101,6,"ギルドハウスで受け取れるアイテムがいっぱいだぞ！　忙しいならアタシがもらっといてやるよ！　…ちゃんと渡すにきまってるだろ！"
106301,1,"ギルドハウスで貰えるアイテムがいっぱいだよ！早く回収しないと、もったいないよー！"
106301,2,"ギルドハウスで貰えるアイテムがいっぱいだよ！早く回収しないと、もったいないよー！"
106301,3,"ギルドハウスで貰えるアイテムがいっぱいだよ！早く回収しないと、もったいないよー！"
106301,4,"ギルドハウスで貰えるアイテムがいっぱいだよ！早く回収しないと、もったいないよー！"
106301,5,"ギルドハウスで貰えるアイテムがいっぱいだよ！早く回収しないと、もったいないよー！"
106301,6,"ギルドハウスで貰えるアイテムがいっぱいだよ！早く回収しないと、もったいないよー！"
107101,1,"ギルドハウスで受け取れるアイテムがいっぱいだぞ。すべてオマエのものだ。さっさと受け取るがいい。"
107101,2,"ギルドハウスで受け取れるアイテムがいっぱいだぞ。すべてオマエのものだ。さっさと受け取るがいい。"
107101,3,"ギルドハウスで受け取れるアイテムがいっぱいだぞ。すべてオマエのものだ。さっさと受け取るがいい。"
107101,4,"ギルドハウスで受け取れるアイテムがいっぱいだぞ。すべてオマエのものだ。さっさと受け取るがいい。"
107101,5,"ギルドハウスで受け取れるアイテムがいっぱいだぞ。すべてオマエのものだ。さっさと受け取るがいい。"
107101,6,"ギルドハウスで受け取れるアイテムがいっぱいだぞ。すべてオマエのものだ。さっさと受け取るがいい。"
107501,1,"ギルドハウスで受け取れるアイテムが、すべていっぱいになりました！ヤバいですね☆"
107501,2,"ギルドハウスで受け取れるアイテムが、すべていっぱいになりました！ヤバいですね☆"
107501,3,"ギルドハウスで受け取れるアイテムが、すべていっぱいになりました！ヤバいですね☆"
107501,4,"ギルドハウスで受け取れるアイテムが、すべていっぱいになりました！ヤバいですね☆"
107501,5,"ギルドハウスで受け取れるアイテムが、すべていっぱいになりました！ヤバいですね☆"
107501,6,"ギルドハウスで受け取れるアイテムが、すべていっぱいになりました！ヤバいですね☆"
107601,1,"ギルドハウスで貰えるアイテムがいっぱいです。わたくしも、受け取るのをお手伝いいたします♪"
107601,2,"ギルドハウスで貰えるアイテムがいっぱいです。わたくしも、受け取るのをお手伝いいたします♪"
107601,3,"ギルドハウスで貰えるアイテムがいっぱいです。わたくしも、受け取るのをお手伝いいたします♪"
107601,4,"ギルドハウスで貰えるアイテムがいっぱいです。わたくしも、受け取るのをお手伝いいたします♪"
107601,5,"ギルドハウスで貰えるアイテムがいっぱいです。わたくしも、受け取るのをお手伝いいたします♪"
107601,6,"ギルドハウスで貰えるアイテムがいっぱいです。わたくしも、受け取るのをお手伝いいたします♪"
107701,1,"ギルドハウスで受け取れるアイテムがいっぱいです！私が取ってきましょうか？…え？不安？"
107701,2,"ギルドハウスで受け取れるアイテムがいっぱいです！私が取ってきましょうか？…え？不安？"
107701,3,"ギルドハウスで受け取れるアイテムがいっぱいです！私が取ってきましょうか？…え？不安？"
107701,4,"ギルドハウスで受け取れるアイテムがいっぱいです！私が取ってきましょうか？…え？不安？"
107701,5,"ギルドハウスで受け取れるアイテムがいっぱいです！私が取ってきましょうか？…え？不安？"
107701,6,"ギルドハウスで受け取れるアイテムがいっぱいです！私が取ってきましょうか？…え？不安？"
107801,1,"ギルドハウスで受け取れるアイテムがいっぱいよ。あんたは忘れっぽいから、あたしが教えてあげる"
107801,2,"ギルドハウスで受け取れるアイテムがいっぱいよ。あんたは忘れっぽいから、あたしが教えてあげる"
107801,3,"ギルドハウスで受け取れるアイテムがいっぱいよ。あんたは忘れっぽいから、あたしが教えてあげる"
107801,4,"ギルドハウスで受け取れるアイテムがいっぱいよ。あんたは忘れっぽいから、あたしが教えてあげる"
107801,5,"ギルドハウスで受け取れるアイテムがいっぱいよ。あんたは忘れっぽいから、あたしが教えてあげる"
107801,6,"ギルドハウスで受け取れるアイテムがいっぱいよ。あんたは忘れっぽいから、あたしが教えてあげる"
107901,1,"ギルドハウスで受け取れるアイテムがいっぱいみたいにゃ。早く来ないとあたしがもらっちゃうにゃ～"
107901,2,"ギルドハウスで受け取れるアイテムがいっぱいみたいにゃ。早く来ないとあたしがもらっちゃうにゃ～"
107901,3,"ギルドハウスで受け取れるアイテムがいっぱいみたいにゃ。早く来ないとあたしがもらっちゃうにゃ～"
107901,4,"ギルドハウスで受け取れるアイテムがいっぱいみたいにゃ。早く来ないとあたしがもらっちゃうにゃ～"
107901,5,"ギルドハウスで受け取れるアイテムがいっぱいみたいにゃ。早く来ないとあたしがもらっちゃうにゃ～"
107901,6,"ギルドハウスで受け取れるアイテムがいっぱいみたいにゃ。早く来ないとあたしがもらっちゃうにゃ～"
108001,1,"ギルドハウスで受け取れるアイテムが、すべていっぱいになったわ。海の効率を極めるわよ～！"
108001,2,"ギルドハウスで受け取れるアイテムが、すべていっぱいになったわ。海の効率を極めるわよ～！"
108001,3,"ギルドハウスで受け取れるアイテムが、すべていっぱいになったわ。海の効率を極めるわよ～！"
108001,4,"ギルドハウスで受け取れるアイテムが、すべていっぱいになったわ。海の効率を極めるわよ～！"
108001,5,"ギルドハウスで受け取れるアイテムが、すべていっぱいになったわ。海の効率を極めるわよ～！"
108001,6,"ギルドハウスで受け取れるアイテムが、すべていっぱいになったわ。海の効率を極めるわよ～！"
108101,1,"ギルドハウスで受け取れるアイテムがいっぱいになりましたね。ハロウィンの冒険を始めませんか？"
108101,2,"ギルドハウスで受け取れるアイテムがいっぱいになりましたね。ハロウィンの冒険を始めませんか？"
108101,3,"ギルドハウスで受け取れるアイテムがいっぱいになりましたね。ハロウィンの冒険を始めませんか？"
108101,4,"ギルドハウスで受け取れるアイテムがいっぱいになりましたね。ハロウィンの冒険を始めませんか？"
108101,5,"ギルドハウスで受け取れるアイテムがいっぱいになりましたね。ハロウィンの冒険を始めませんか？"
108101,6,"ギルドハウスで受け取れるアイテムがいっぱいになりましたね。ハロウィンの冒険を始めませんか？"
108201,1,"ギルドハウスで貰えるアイテムがいっぱいなの！とっとと受け取ってハロウィンするの！"
108201,2,"ギルドハウスで貰えるアイテムがいっぱいなの！とっとと受け取ってハロウィンするの！"
108201,3,"ギルドハウスで貰えるアイテムがいっぱいなの！とっとと受け取ってハロウィンするの！"
108201,4,"ギルドハウスで貰えるアイテムがいっぱいなの！とっとと受け取ってハロウィンするの！"
108201,5,"ギルドハウスで貰えるアイテムがいっぱいなの！とっとと受け取ってハロウィンするの！"
108201,6,"ギルドハウスで貰えるアイテムがいっぱいなの！とっとと受け取ってハロウィンするの！"
108301,1,"ギルドハウスで貰えるアイテムがいっぱいだわ！お菓子もこれも、受け取り忘れないようにね！"
108301,2,"ギルドハウスで貰えるアイテムがいっぱいだわ！お菓子もこれも、受け取り忘れないようにね！"
108301,3,"ギルドハウスで貰えるアイテムがいっぱいだわ！お菓子もこれも、受け取り忘れないようにね！"
108301,4,"ギルドハウスで貰えるアイテムがいっぱいだわ！お菓子もこれも、受け取り忘れないようにね！"
108301,5,"ギルドハウスで貰えるアイテムがいっぱいだわ！お菓子もこれも、受け取り忘れないようにね！"
108301,6,"ギルドハウスで貰えるアイテムがいっぱいだわ！お菓子もこれも、受け取り忘れないようにね！"
108401,1,"ギルドハウスで受け取れるアイテムが、いっぱいになりましたね。聖夜の冒険に役立てましょう！"
108401,2,"ギルドハウスで受け取れるアイテムが、いっぱいになりましたね。聖夜の冒険に役立てましょう！"
108401,3,"ギルドハウスで受け取れるアイテムが、いっぱいになりましたね。聖夜の冒険に役立てましょう！"
108401,4,"ギルドハウスで受け取れるアイテムが、いっぱいになりましたね。聖夜の冒険に役立てましょう！"
108401,5,"ギルドハウスで受け取れるアイテムが、いっぱいになりましたね。聖夜の冒険に役立てましょう！"
108401,6,"ギルドハウスで受け取れるアイテムが、いっぱいになりましたね。聖夜の冒険に役立てましょう！"
108501,1,"ギルドハウスで受け取れるアイテムが、全部いっぱい…。きっと、お兄ちゃんへのクリスマスプレゼントですね…♪"
108501,2,"ギルドハウスで受け取れるアイテムが、全部いっぱい…。きっと、お兄ちゃんへのクリスマスプレゼントですね…♪"
108501,3,"ギルドハウスで受け取れるアイテムが、全部いっぱい…。きっと、お兄ちゃんへのクリスマスプレゼントですね…♪"
108501,4,"ギルドハウスで受け取れるアイテムが、全部いっぱい…。きっと、お兄ちゃんへのクリスマスプレゼントですね…♪"
108501,5,"ギルドハウスで受け取れるアイテムが、全部いっぱい…。きっと、お兄ちゃんへのクリスマスプレゼントですね…♪"
108501,6,"ギルドハウスで受け取れるアイテムが、全部いっぱい…。きっと、お兄ちゃんへのクリスマスプレゼントですね…♪"
108601,1,"ギルドハウスで受け取れるアイテムが、全部いっぱい！受け取らないと、ぷうきちサンタが子供たちに配っちゃうよ♪"
108601,2,"ギルドハウスで受け取れるアイテムが、全部いっぱい！受け取らないと、ぷうきちサンタが子供たちに配っちゃうよ♪"
108601,3,"ギルドハウスで受け取れるアイテムが、全部いっぱい！受け取らないと、ぷうきちサンタが子供たちに配っちゃうよ♪"
108601,4,"ギルドハウスで受け取れるアイテムが、全部いっぱい！受け取らないと、ぷうきちサンタが子供たちに配っちゃうよ♪"
108601,5,"ギルドハウスで受け取れるアイテムが、全部いっぱい！受け取らないと、ぷうきちサンタが子供たちに配っちゃうよ♪"
108601,6,"ギルドハウスで受け取れるアイテムが、全部いっぱい！受け取らないと、ぷうきちサンタが子供たちに配っちゃうよ♪"
108801,1,"ギルドハウスのアイテムがいっぱい。お正月で忙しいよね。あの…ここにはおせちもあるし、ゆっくり過ごせると思うよ…？"
108801,2,"ギルドハウスのアイテムがいっぱい。お正月で忙しいよね。あの…ここにはおせちもあるし、ゆっくり過ごせると思うよ…？"
108801,3,"ギルドハウスのアイテムがいっぱい。お正月で忙しいよね。あの…ここにはおせちもあるし、ゆっくり過ごせると思うよ…？"
108801,4,"ギルドハウスのアイテムがいっぱい。お正月で忙しいよね。あの…ここにはおせちもあるし、ゆっくり過ごせると思うよ…？"
108801,5,"ギルドハウスのアイテムがいっぱい。お正月で忙しいよね。あの…ここにはおせちもあるし、ゆっくり過ごせると思うよ…？"
108801,6,"ギルドハウスのアイテムがいっぱい。お正月で忙しいよね。あの…ここにはおせちもあるし、ゆっくり過ごせると思うよ…？"
108901,1,"ギルドハウスで受け取れるアイテムがすべていっぱいだよ。正月ボケしてないで取りに来て…私だって待ってるんだから。"
108901,2,"ギルドハウスで受け取れるアイテムがすべていっぱいだよ。正月ボケしてないで取りに来て…私だって待ってるんだから。"
108901,3,"ギルドハウスで受け取れるアイテムがすべていっぱいだよ。正月ボケしてないで取りに来て…私だって待ってるんだから。"
108901,4,"ギルドハウスで受け取れるアイテムがすべていっぱいだよ。正月ボケしてないで取りに来て…私だって待ってるんだから。"
108901,5,"ギルドハウスで受け取れるアイテムがすべていっぱいだよ。正月ボケしてないで取りに来て…私だって待ってるんだから。"
108901,6,"ギルドハウスで受け取れるアイテムがすべていっぱいだよ。正月ボケしてないで取りに来て…私だって待ってるんだから。"
108701,1,"ギルドハウスのアイテムがぜんぶいっぱい！あたしが整理して…あれ？なんか崩れて…き、騎士くん！早く取りに来て！"
108701,2,"ギルドハウスのアイテムがぜんぶいっぱい！あたしが整理して…あれ？なんか崩れて…き、騎士くん！早く取りに来て！"
108701,3,"ギルドハウスのアイテムがぜんぶいっぱい！あたしが整理して…あれ？なんか崩れて…き、騎士くん！早く取りに来て！"
108701,4,"ギルドハウスのアイテムがぜんぶいっぱい！あたしが整理して…あれ？なんか崩れて…き、騎士くん！早く取りに来て！"
108701,5,"ギルドハウスのアイテムがぜんぶいっぱい！あたしが整理して…あれ？なんか崩れて…き、騎士くん！早く取りに来て！"
108701,6,"ギルドハウスのアイテムがぜんぶいっぱい！あたしが整理して…あれ？なんか崩れて…き、騎士くん！早く取りに来て！"
109001,1,"ギルドハウスで受け取れるアイテムがいっぱいになっています…あなた様が受け取りに来るのを待っていますわ…いつまでも…クスクス"
109001,2,"ギルドハウスで受け取れるアイテムがいっぱいになっています…あなた様が受け取りに来るのを待っていますわ…いつまでも…クスクス"
109001,3,"ギルドハウスで受け取れるアイテムがいっぱいになっています…あなた様が受け取りに来るのを待っていますわ…いつまでも…クスクス"
109001,4,"ギルドハウスで受け取れるアイテムがいっぱいになっています…あなた様が受け取りに来るのを待っていますわ…いつまでも…クスクス"
109001,5,"ギルドハウスで受け取れるアイテムがいっぱいになっています…あなた様が受け取りに来るのを待っていますわ…いつまでも…クスクス"
109001,6,"ギルドハウスで受け取れるアイテムがいっぱいになっています…あなた様が受け取りに来るのを待っていますわ…いつまでも…クスクス"
109101,1,"ギルドハウスで受け取れるアイテムがいっぱいだね！お姉ちゃんと一緒にお片づけしよっか。上手にできたらたくさん褒めてあげちゃう♪"
109101,2,"ギルドハウスで受け取れるアイテムがいっぱいだね！お姉ちゃんと一緒にお片づけしよっか。上手にできたらたくさん褒めてあげちゃう♪"
109101,3,"ギルドハウスで受け取れるアイテムがいっぱいだね！お姉ちゃんと一緒にお片づけしよっか。上手にできたらたくさん褒めてあげちゃう♪"
109101,4,"ギルドハウスで受け取れるアイテムがいっぱいだね！お姉ちゃんと一緒にお片づけしよっか。上手にできたらたくさん褒めてあげちゃう♪"
109101,5,"ギルドハウスで受け取れるアイテムがいっぱいだね！お姉ちゃんと一緒にお片づけしよっか。上手にできたらたくさん褒めてあげちゃう♪"
109101,6,"ギルドハウスで受け取れるアイテムがいっぱいだね！お姉ちゃんと一緒にお片づけしよっか。上手にできたらたくさん褒めてあげちゃう♪"
109201,1,"ギルドハウスで受け取れるアイテムが、すべていっぱいになったみたいだよ！"
109201,2,"ギルドハウスで受け取れるアイテムが、すべていっぱいになったみたいだよ！"
109201,3,"ギルドハウスで受け取れるアイテムが、すべていっぱいになったみたいだよ！"
109201,4,"ギルドハウスで受け取れるアイテムが、すべていっぱいになったみたいだよ！"
109201,5,"ギルドハウスで受け取れるアイテムが、すべていっぱいになったみたいだよ！"
109201,6,"ギルドハウスで受け取れるアイテムが、すべていっぱいになったみたいだよ！"
109301,1,"ギルドハウスで受け取れるアイテムが、すべていっぱいになったですぅ！"
109301,2,"ギルドハウスで受け取れるアイテムが、すべていっぱいになったですぅ！"
109301,3,"ギルドハウスで受け取れるアイテムが、すべていっぱいになったですぅ！"
109301,4,"ギルドハウスで受け取れるアイテムが、すべていっぱいになったですぅ！"
109301,5,"ギルドハウスで受け取れるアイテムが、すべていっぱいになったですぅ！"
109301,6,"ギルドハウスで受け取れるアイテムが、すべていっぱいになったですぅ！"
109401,1,"ギルドハウスで受け取れるアイテムが、すべていっぱいになったよ"
109401,2,"ギルドハウスで受け取れるアイテムが、すべていっぱいになったよ"
109401,3,"ギルドハウスで受け取れるアイテムが、すべていっぱいになったよ"
109401,4,"ギルドハウスで受け取れるアイテムが、すべていっぱいになったよ"
109401,5,"ギルドハウスで受け取れるアイテムが、すべていっぱいになったよ"
109401,6,"ギルドハウスで受け取れるアイテムが、すべていっぱいになったよ"
109501,1,"ギルドハウスのアイテムがいっぱいになっています…！まとめてクウカも受け取ってしまうのですね…じゅるり…！"
109501,2,"ギルドハウスのアイテムがいっぱいになっています…！まとめてクウカも受け取ってしまうのですね…じゅるり…！"
109501,3,"ギルドハウスのアイテムがいっぱいになっています…！まとめてクウカも受け取ってしまうのですね…じゅるり…！"
109501,4,"ギルドハウスのアイテムがいっぱいになっています…！まとめてクウカも受け取ってしまうのですね…じゅるり…！"
109501,5,"ギルドハウスのアイテムがいっぱいになっています…！まとめてクウカも受け取ってしまうのですね…じゅるり…！"
109501,6,"ギルドハウスのアイテムがいっぱいになっています…！まとめてクウカも受け取ってしまうのですね…じゅるり…！"
109601,1,"ギルドハウスで受け取れるアイテムがいっぱいデス！ヒャクマンゴクの勢いデス！"
109601,2,"ギルドハウスで受け取れるアイテムがいっぱいデス！ヒャクマンゴクの勢いデス！"
109601,3,"ギルドハウスで受け取れるアイテムがいっぱいデス！ヒャクマンゴクの勢いデス！"
109601,4,"ギルドハウスで受け取れるアイテムがいっぱいデス！ヒャクマンゴクの勢いデス！"
109601,5,"ギルドハウスで受け取れるアイテムがいっぱいデス！ヒャクマンゴクの勢いデス！"
109601,6,"ギルドハウスで受け取れるアイテムがいっぱいデス！ヒャクマンゴクの勢いデス！"
109701,1,"ギルドハウスで受け取れるアイテムが全ていっぱいのようです。レムが片付けてしまう前に回収しておいてくださいね"
109701,2,"ギルドハウスで受け取れるアイテムが全ていっぱいのようです。レムが片付けてしまう前に回収しておいてくださいね"
109701,3,"ギルドハウスで受け取れるアイテムが全ていっぱいのようです。レムが片付けてしまう前に回収しておいてくださいね"
109701,4,"ギルドハウスで受け取れるアイテムが全ていっぱいのようです。レムが片付けてしまう前に回収しておいてくださいね"
109701,5,"ギルドハウスで受け取れるアイテムが全ていっぱいのようです。レムが片付けてしまう前に回収しておいてくださいね"
109701,6,"ギルドハウスで受け取れるアイテムが全ていっぱいのようです。レムが片付けてしまう前に回収しておいてくださいね"
109801,1,"ギルドハウスのアイテムがいっぱいですって。ラムに片付けろと言うのかしら？まぁ、面倒だけどやってあげるわ"
109801,2,"ギルドハウスのアイテムがいっぱいですって。ラムに片付けろと言うのかしら？まぁ、面倒だけどやってあげるわ"
109801,3,"ギルドハウスのアイテムがいっぱいですって。ラムに片付けろと言うのかしら？まぁ、面倒だけどやってあげるわ"
109801,4,"ギルドハウスのアイテムがいっぱいですって。ラムに片付けろと言うのかしら？まぁ、面倒だけどやってあげるわ"
109801,5,"ギルドハウスのアイテムがいっぱいですって。ラムに片付けろと言うのかしら？まぁ、面倒だけどやってあげるわ"
109801,6,"ギルドハウスのアイテムがいっぱいですって。ラムに片付けろと言うのかしら？まぁ、面倒だけどやってあげるわ"
109901,1,"ギルドハウスで受け取れるアイテムが全ていっぱいね。これだけあればいろんなことできちゃいそう"
109901,2,"ギルドハウスで受け取れるアイテムが全ていっぱいね。これだけあればいろんなことできちゃいそう"
109901,3,"ギルドハウスで受け取れるアイテムが全ていっぱいね。これだけあればいろんなことできちゃいそう"
109901,4,"ギルドハウスで受け取れるアイテムが全ていっぱいね。これだけあればいろんなことできちゃいそう"
109901,5,"ギルドハウスで受け取れるアイテムが全ていっぱいね。これだけあればいろんなことできちゃいそう"
109901,6,"ギルドハウスで受け取れるアイテムが全ていっぱいね。これだけあればいろんなことできちゃいそう"
110001,1,"ギルドハウスがアイテムでいっぱいだよ～！ギルドハウスがパンパン～！超ウケる！"
110001,2,"ギルドハウスがアイテムでいっぱいだよ～！ギルドハウスがパンパン～！超ウケる！"
110001,3,"ギルドハウスがアイテムでいっぱいだよ～！ギルドハウスがパンパン～！超ウケる！"
110001,4,"ギルドハウスがアイテムでいっぱいだよ～！ギルドハウスがパンパン～！超ウケる！"
110001,5,"ギルドハウスがアイテムでいっぱいだよ～！ギルドハウスがパンパン～！超ウケる！"
110001,6,"ギルドハウスがアイテムでいっぱいだよ～！ギルドハウスがパンパン～！超ウケる！"
110101,1,"ギルドハウスで受け取れるアイテムが、全部いっぱいだよ！ビーチで遊べそうな物もないか、見てみましょう？"
110101,2,"ギルドハウスで受け取れるアイテムが、全部いっぱいだよ！ビーチで遊べそうな物もないか、見てみましょう？"
110101,3,"ギルドハウスで受け取れるアイテムが、全部いっぱいだよ！ビーチで遊べそうな物もないか、見てみましょう？"
110101,4,"ギルドハウスで受け取れるアイテムが、全部いっぱいだよ！ビーチで遊べそうな物もないか、見てみましょう？"
110101,5,"ギルドハウスで受け取れるアイテムが、全部いっぱいだよ！ビーチで遊べそうな物もないか、見てみましょう？"
110101,6,"ギルドハウスで受け取れるアイテムが、全部いっぱいだよ！ビーチで遊べそうな物もないか、見てみましょう？"
110301,1,"ギルドハウスで受け取れるアイテムがいっぱいみたい。貯めこむとあとが大変よ？"
110301,2,"ギルドハウスで受け取れるアイテムがいっぱいみたい。貯めこむとあとが大変よ？"
110301,3,"ギルドハウスで受け取れるアイテムがいっぱいみたい。貯めこむとあとが大変よ？"
110301,4,"ギルドハウスで受け取れるアイテムがいっぱいみたい。貯めこむとあとが大変よ？"
110301,5,"ギルドハウスで受け取れるアイテムがいっぱいみたい。貯めこむとあとが大変よ？"
110301,6,"ギルドハウスで受け取れるアイテムがいっぱいみたい。貯めこむとあとが大変よ？"
110401,1,"ギルドハウスで受け取れるアイテムがいっぱいじゃねぇか！仕方ねぇな、あたしも手伝うから、受け取りに行こうぜ"
110401,2,"ギルドハウスで受け取れるアイテムがいっぱいじゃねぇか！仕方ねぇな、あたしも手伝うから、受け取りに行こうぜ"
110401,3,"ギルドハウスで受け取れるアイテムがいっぱいじゃねぇか！仕方ねぇな、あたしも手伝うから、受け取りに行こうぜ"
110401,4,"ギルドハウスで受け取れるアイテムがいっぱいじゃねぇか！仕方ねぇな、あたしも手伝うから、受け取りに行こうぜ"
110401,5,"ギルドハウスで受け取れるアイテムがいっぱいじゃねぇか！仕方ねぇな、あたしも手伝うから、受け取りに行こうぜ"
110401,6,"ギルドハウスで受け取れるアイテムがいっぱいじゃねぇか！仕方ねぇな、あたしも手伝うから、受け取りに行こうぜ"
110501,1,"ギルドハウスで受け取れるアイテムがみ～んないっぱいさ～！まとめて受け取って、海を満喫しちゃうさ～！"
110501,2,"ギルドハウスで受け取れるアイテムがみ～んないっぱいさ～！まとめて受け取って、海を満喫しちゃうさ～！"
110501,3,"ギルドハウスで受け取れるアイテムがみ～んないっぱいさ～！まとめて受け取って、海を満喫しちゃうさ～！"
110501,4,"ギルドハウスで受け取れるアイテムがみ～んないっぱいさ～！まとめて受け取って、海を満喫しちゃうさ～！"
110501,5,"ギルドハウスで受け取れるアイテムがみ～んないっぱいさ～！まとめて受け取って、海を満喫しちゃうさ～！"
110501,6,"ギルドハウスで受け取れるアイテムがみ～んないっぱいさ～！まとめて受け取って、海を満喫しちゃうさ～！"
110601,1,"ギルドハウスで受け取れるアイテムがいっぱいや！みらくるまほりん…え？魔法でお片付け、したらあきまへんか？"
110601,2,"ギルドハウスで受け取れるアイテムがいっぱいや！みらくるまほりん…え？魔法でお片付け、したらあきまへんか？"
110601,3,"ギルドハウスで受け取れるアイテムがいっぱいや！みらくるまほりん…え？魔法でお片付け、したらあきまへんか？"
110601,4,"ギルドハウスで受け取れるアイテムがいっぱいや！みらくるまほりん…え？魔法でお片付け、したらあきまへんか？"
110601,5,"ギルドハウスで受け取れるアイテムがいっぱいや！みらくるまほりん…え？魔法でお片付け、したらあきまへんか？"
110601,6,"ギルドハウスで受け取れるアイテムがいっぱいや！みらくるまほりん…え？魔法でお片付け、したらあきまへんか？"
107001,1,"ギルドハウスで受け取れるアイテムが全て貯まっています。私が使いたいので早く受け取っておきなさい"
107001,2,"ギルドハウスで受け取れるアイテムが全て貯まっています。私が使いたいので早く受け取っておきなさい"
107001,3,"ギルドハウスで受け取れるアイテムが全て貯まっています。私が使いたいので早く受け取っておきなさい"
107001,4,"ギルドハウスで受け取れるアイテムが全て貯まっています。私が使いたいので早く受け取っておきなさい"
107001,5,"ギルドハウスで受け取れるアイテムが全て貯まっています。私が使いたいので早く受け取っておきなさい"
107001,6,"ギルドハウスで受け取れるアイテムが全て貯まっています。私が使いたいので早く受け取っておきなさい"
110701,1,"ギルドハウスで受け取れるアイテムが、いっぱいいっぱいみたいです…まるで人と話してるときの私のよう…！"
110701,2,"ギルドハウスで受け取れるアイテムが、いっぱいいっぱいみたいです…まるで人と話してるときの私のよう…！"
110701,3,"ギルドハウスで受け取れるアイテムが、いっぱいいっぱいみたいです…まるで人と話してるときの私のよう…！"
110701,4,"ギルドハウスで受け取れるアイテムが、いっぱいいっぱいみたいです…まるで人と話してるときの私のよう…！"
110701,5,"ギルドハウスで受け取れるアイテムが、いっぱいいっぱいみたいです…まるで人と話してるときの私のよう…！"
110701,6,"ギルドハウスで受け取れるアイテムが、いっぱいいっぱいみたいです…まるで人と話してるときの私のよう…！"
110801,1,"ヤバい。ギルドハウスで受け取れるアイテム、全部フル貯まってる。そろそろ取りに来てくんない"
110801,2,"ヤバい。ギルドハウスで受け取れるアイテム、全部フル貯まってる。そろそろ取りに来てくんない"
110801,3,"ヤバい。ギルドハウスで受け取れるアイテム、全部フル貯まってる。そろそろ取りに来てくんない"
110801,4,"ヤバい。ギルドハウスで受け取れるアイテム、全部フル貯まってる。そろそろ取りに来てくんない"
110801,5,"ヤバい。ギルドハウスで受け取れるアイテム、全部フル貯まってる。そろそろ取りに来てくんない"
110801,6,"ヤバい。ギルドハウスで受け取れるアイテム、全部フル貯まってる。そろそろ取りに来てくんない"
111101,1,"ギルドハウスで受け取れるアイテムがいっぱいじゃないですか！早く受け取って、ハロウィンを楽しまないとですよ！"
111101,2,"ギルドハウスで受け取れるアイテムがいっぱいじゃないですか！早く受け取って、ハロウィンを楽しまないとですよ！"
111101,3,"ギルドハウスで受け取れるアイテムがいっぱいじゃないですか！早く受け取って、ハロウィンを楽しまないとですよ！"
111101,4,"ギルドハウスで受け取れるアイテムがいっぱいじゃないですか！早く受け取って、ハロウィンを楽しまないとですよ！"
111101,5,"ギルドハウスで受け取れるアイテムがいっぱいじゃないですか！早く受け取って、ハロウィンを楽しまないとですよ！"
111101,6,"ギルドハウスで受け取れるアイテムがいっぱいじゃないですか！早く受け取って、ハロウィンを楽しまないとですよ！"
111201,1,"ギルドハウスのアイテムがいっぱいになったよ！何も仕掛けてないから取りに来て！にひひ♪"
111201,2,"ギルドハウスのアイテムがいっぱいになったよ！何も仕掛けてないから取りに来て！にひひ♪"
111201,3,"ギルドハウスのアイテムがいっぱいになったよ！何も仕掛けてないから取りに来て！にひひ♪"
111201,4,"ギルドハウスのアイテムがいっぱいになったよ！何も仕掛けてないから取りに来て！にひひ♪"
111201,5,"ギルドハウスのアイテムがいっぱいになったよ！何も仕掛けてないから取りに来て！にひひ♪"
111201,6,"ギルドハウスのアイテムがいっぱいになったよ！何も仕掛けてないから取りに来て！にひひ♪"
111301,1,"おにいちゃん！ギルドハウスのアイテムがぜんぶいっぱいになったみたいだよ！えへへ、ハッピーハロウィン～♪"
111301,2,"おにいちゃん！ギルドハウスのアイテムがぜんぶいっぱいになったみたいだよ！えへへ、ハッピーハロウィン～♪"
111301,3,"おにいちゃん！ギルドハウスのアイテムがぜんぶいっぱいになったみたいだよ！えへへ、ハッピーハロウィン～♪"
111301,4,"おにいちゃん！ギルドハウスのアイテムがぜんぶいっぱいになったみたいだよ！えへへ、ハッピーハロウィン～♪"
111301,5,"おにいちゃん！ギルドハウスのアイテムがぜんぶいっぱいになったみたいだよ！えへへ、ハッピーハロウィン～♪"
111301,6,"おにいちゃん！ギルドハウスのアイテムがぜんぶいっぱいになったみたいだよ！えへへ、ハッピーハロウィン～♪"
111401,1,"ギルドハウスで受け取れるアイテムが、全部いっぱいになったよー！"
111401,2,"ギルドハウスで受け取れるアイテムが、全部いっぱいになったよー！"
111401,3,"ギルドハウスで受け取れるアイテムが、全部いっぱいになったよー！"
111401,4,"ギルドハウスで受け取れるアイテムが、全部いっぱいになったよー！"
111401,5,"ギルドハウスで受け取れるアイテムが、全部いっぱいになったよー！"
111401,6,"ギルドハウスで受け取れるアイテムが、全部いっぱいになったよー！"
106501,1,"ギルドハウスで受け取れるアイテムが全部いっぱいになったぜ！こんだけありゃ、もっとケンカを楽しめるな！"
106501,2,"ギルドハウスで受け取れるアイテムが全部いっぱいになったぜ！こんだけありゃ、もっとケンカを楽しめるな！"
106501,3,"ギルドハウスで受け取れるアイテムが全部いっぱいになったぜ！こんだけありゃ、もっとケンカを楽しめるな！"
106501,4,"ギルドハウスで受け取れるアイテムが全部いっぱいになったぜ！こんだけありゃ、もっとケンカを楽しめるな！"
106501,5,"ギルドハウスで受け取れるアイテムが全部いっぱいになったぜ！こんだけありゃ、もっとケンカを楽しめるな！"
106501,6,"ギルドハウスで受け取れるアイテムが全部いっぱいになったぜ！こんだけありゃ、もっとケンカを楽しめるな！"
111501,1,"ギルドハウスで受け取れるアイテムがすべていっぱいだな。まとめてクリスマスプレゼントにしてしまおうか。あはは、冗談だ☆"
111501,2,"ギルドハウスで受け取れるアイテムがすべていっぱいだな。まとめてクリスマスプレゼントにしてしまおうか。あはは、冗談だ☆"
111501,3,"ギルドハウスで受け取れるアイテムがすべていっぱいだな。まとめてクリスマスプレゼントにしてしまおうか。あはは、冗談だ☆"
111501,4,"ギルドハウスで受け取れるアイテムがすべていっぱいだな。まとめてクリスマスプレゼントにしてしまおうか。あはは、冗談だ☆"
111501,5,"ギルドハウスで受け取れるアイテムがすべていっぱいだな。まとめてクリスマスプレゼントにしてしまおうか。あはは、冗談だ☆"
111501,6,"ギルドハウスで受け取れるアイテムがすべていっぱいだな。まとめてクリスマスプレゼントにしてしまおうか。あはは、冗談だ☆"
111601,1,"ギルドハウスで受け取れるアイテムが、すべていっぱいだよ！サンタさんもびっくりのすごい数だね！"
111601,2,"ギルドハウスで受け取れるアイテムが、すべていっぱいだよ！サンタさんもびっくりのすごい数だね！"
111601,3,"ギルドハウスで受け取れるアイテムが、すべていっぱいだよ！サンタさんもびっくりのすごい数だね！"
111601,4,"ギルドハウスで受け取れるアイテムが、すべていっぱいだよ！サンタさんもびっくりのすごい数だね！"
111601,5,"ギルドハウスで受け取れるアイテムが、すべていっぱいだよ！サンタさんもびっくりのすごい数だね！"
111601,6,"ギルドハウスで受け取れるアイテムが、すべていっぱいだよ！サンタさんもびっくりのすごい数だね！"
111701,1,"ギルドハウスで受け取れるアイテムがすべていっぱいか。わらわに奪われたくなくば早く来るのじゃ！べ、別に寂しいわけではないぞ！"
111701,2,"ギルドハウスで受け取れるアイテムがすべていっぱいか。わらわに奪われたくなくば早く来るのじゃ！べ、別に寂しいわけではないぞ！"
111701,3,"ギルドハウスで受け取れるアイテムがすべていっぱいか。わらわに奪われたくなくば早く来るのじゃ！べ、別に寂しいわけではないぞ！"
111701,4,"ギルドハウスで受け取れるアイテムがすべていっぱいか。わらわに奪われたくなくば早く来るのじゃ！べ、別に寂しいわけではないぞ！"
111701,5,"ギルドハウスで受け取れるアイテムがすべていっぱいか。わらわに奪われたくなくば早く来るのじゃ！べ、別に寂しいわけではないぞ！"
111701,6,"ギルドハウスで受け取れるアイテムがすべていっぱいか。わらわに奪われたくなくば早く来るのじゃ！べ、別に寂しいわけではないぞ！"
112001,1,"ギルドハウスで受け取れるアイテムが、いっぱいみたい。早くしないとあたしが使っちゃうわよ？"
112001,2,"ギルドハウスで受け取れるアイテムが、いっぱいみたい。早くしないとあたしが使っちゃうわよ？"
112001,3,"ギルドハウスで受け取れるアイテムが、いっぱいみたい。早くしないとあたしが使っちゃうわよ？"
112001,4,"ギルドハウスで受け取れるアイテムが、いっぱいみたい。早くしないとあたしが使っちゃうわよ？"
112001,5,"ギルドハウスで受け取れるアイテムが、いっぱいみたい。早くしないとあたしが使っちゃうわよ？"
112001,6,"ギルドハウスで受け取れるアイテムが、いっぱいみたい。早くしないとあたしが使っちゃうわよ？"
112101,1,"ギルドハウスで受け取れるアイテムがいっぱいですよ。ちょっと片付け…あ、ちょ、わ、きゃああ！？"
112101,2,"ギルドハウスで受け取れるアイテムがいっぱいですよ。ちょっと片付け…あ、ちょ、わ、きゃああ！？"
112101,3,"ギルドハウスで受け取れるアイテムがいっぱいですよ。ちょっと片付け…あ、ちょ、わ、きゃああ！？"
112101,4,"ギルドハウスで受け取れるアイテムがいっぱいですよ。ちょっと片付け…あ、ちょ、わ、きゃああ！？"
112101,5,"ギルドハウスで受け取れるアイテムがいっぱいですよ。ちょっと片付け…あ、ちょ、わ、きゃああ！？"
112101,6,"ギルドハウスで受け取れるアイテムがいっぱいですよ。ちょっと片付け…あ、ちょ、わ、きゃああ！？"
111901,1,"ギルドハウスで受け取れるアイテムがすべていっぱいになりました。福が舞い込んできたようですね"
111901,2,"ギルドハウスで受け取れるアイテムがすべていっぱいになりました。福が舞い込んできたようですね"
111901,3,"ギルドハウスで受け取れるアイテムがすべていっぱいになりました。福が舞い込んできたようですね"
111901,4,"ギルドハウスで受け取れるアイテムがすべていっぱいになりました。福が舞い込んできたようですね"
111901,5,"ギルドハウスで受け取れるアイテムがすべていっぱいになりました。福が舞い込んできたようですね"
111901,6,"ギルドハウスで受け取れるアイテムがすべていっぱいになりました。福が舞い込んできたようですね"
112201,1,"ギルドハウスで受け取れるアイテムがすべていっぱい…身に覚えはあるかね、助手くん。どうすればいいか、よく考えてみるといいよ"
112201,2,"ギルドハウスで受け取れるアイテムがすべていっぱい…身に覚えはあるかね、助手くん。どうすればいいか、よく考えてみるといいよ"
112201,3,"ギルドハウスで受け取れるアイテムがすべていっぱい…身に覚えはあるかね、助手くん。どうすればいいか、よく考えてみるといいよ"
112201,4,"ギルドハウスで受け取れるアイテムがすべていっぱい…身に覚えはあるかね、助手くん。どうすればいいか、よく考えてみるといいよ"
112201,5,"ギルドハウスで受け取れるアイテムがすべていっぱい…身に覚えはあるかね、助手くん。どうすればいいか、よく考えてみるといいよ"
112201,6,"ギルドハウスで受け取れるアイテムがすべていっぱい…身に覚えはあるかね、助手くん。どうすればいいか、よく考えてみるといいよ"
112301,1,"ギルドハウスで受け取れるアイテムがいっぱいですよ。受け取ったら、ランドソルの見回りに行きましょう"
112301,2,"ギルドハウスで受け取れるアイテムがいっぱいですよ。受け取ったら、ランドソルの見回りに行きましょう"
112301,3,"ギルドハウスで受け取れるアイテムがいっぱいですよ。受け取ったら、ランドソルの見回りに行きましょう"
112301,4,"ギルドハウスで受け取れるアイテムがいっぱいですよ。受け取ったら、ランドソルの見回りに行きましょう"
112301,5,"ギルドハウスで受け取れるアイテムがいっぱいですよ。受け取ったら、ランドソルの見回りに行きましょう"
112301,6,"ギルドハウスで受け取れるアイテムがいっぱいですよ。受け取ったら、ランドソルの見回りに行きましょう"
180401,1,"わわっ！？ギルドハウスのアイテムがいっぱいですよ！満腹にしていいのはお腹だけです！早く受け取りに行きましょう☆"
180401,2,"わわっ！？ギルドハウスのアイテムがいっぱいですよ！満腹にしていいのはお腹だけです！早く受け取りに行きましょう☆"
180401,3,"わわっ！？ギルドハウスのアイテムがいっぱいですよ！満腹にしていいのはお腹だけです！早く受け取りに行きましょう☆"
180401,4,"わわっ！？ギルドハウスのアイテムがいっぱいですよ！満腹にしていいのはお腹だけです！早く受け取りに行きましょう☆"
180401,5,"わわっ！？ギルドハウスのアイテムがいっぱいですよ！満腹にしていいのはお腹だけです！早く受け取りに行きましょう☆"
180401,6,"わわっ！？ギルドハウスのアイテムがいっぱいですよ！満腹にしていいのはお腹だけです！早く受け取りに行きましょう☆"